user_id,kyc_started_at,kyc_completed_at,kyc_status
1,2024-11-23 05:18:12,2024-11-23 05:33:12,FAILED
5,2024-09-15 23:02:07,2024-09-15 23:57:07,APPROVED
6,2024-11-28 21:07:26,2024-11-28 21:26:26,APPROVED
8,2024-06-23 11:31:01,2024-06-23 11:51:01,APPROVED
9,2024-02-22 04:15:36,2024-02-22 04:42:36,APPROVED
10,2024-06-25 23:25:51,2024-06-26 00:23:51,APPROVED
11,2024-10-01 06:56:41,2024-10-01 07:19:41,APPROVED
13,2024-04-08 03:35:56,2024-04-08 03:58:56,APPROVED
15,2024-05-22 18:56:29,2024-05-22 18:58:29,APPROVED
16,2024-07-08 13:54:06,2024-07-08 14:31:06,FAILED
17,2024-12-26 00:39:39,2024-12-26 01:31:39,FAILED
18,2024-09-30 11:20:47,2024-09-30 12:14:47,APPROVED
20,2024-12-16 12:54:24,2024-12-16 13:49:24,FAILED
21,2024-06-10 15:29:21,2024-06-10 15:43:21,APPROVED
22,2024-10-17 13:01:25,2024-10-17 14:01:25,APPROVED
23,2024-07-22 01:00:19,2024-07-22 01:53:19,APPROVED
26,2024-07-04 10:03:06,2024-07-04 10:45:06,APPROVED
27,2024-02-16 02:45:55,2024-02-16 03:22:55,APPROVED
28,2024-12-14 17:23:13,2024-12-14 17:36:13,APPROVED
29,2024-07-14 23:03:44,2024-07-14 23:59:44,APPROVED
30,2024-10-10 03:09:04,2024-10-10 03:54:04,APPROVED
32,2024-02-27 12:37:09,2024-02-27 13:35:09,APPROVED
33,2024-01-02 11:45:22,2024-01-02 11:50:22,FAILED
35,2024-11-07 09:06:31,2024-11-07 09:31:31,APPROVED
36,2024-10-03 20:45:34,2024-10-03 21:45:34,APPROVED
37,2024-09-07 01:30:32,2024-09-07 01:37:32,FAILED
38,2024-05-02 04:27:32,2024-05-02 04:56:32,PENDING
39,2024-02-13 18:38:39,2024-02-13 18:44:39,APPROVED
40,2024-03-06 17:57:16,2024-03-06 18:36:16,FAILED
41,2024-09-27 23:17:07,2024-09-27 23:49:07,APPROVED
42,2024-12-19 08:34:25,2024-12-19 09:26:25,APPROVED
43,2024-12-10 02:00:40,2024-12-10 02:08:40,APPROVED
45,2024-06-22 03:03:57,2024-06-22 03:49:57,APPROVED
46,2024-10-28 09:12:04,2024-10-28 09:33:04,APPROVED
47,2024-04-27 03:50:14,2024-04-27 03:55:14,APPROVED
48,2024-09-20 09:43:55,2024-09-20 09:59:55,FAILED
49,2024-04-19 21:11:58,2024-04-19 21:42:58,FAILED
50,2024-10-22 19:20:33,2024-10-22 20:05:33,FAILED
51,2024-04-07 04:06:03,2024-04-07 04:14:03,APPROVED
52,2024-06-30 16:32:19,2024-06-30 17:31:19,APPROVED
53,2024-12-11 01:10:29,2024-12-11 01:58:29,APPROVED
54,2024-07-25 12:42:13,2024-07-25 12:52:13,APPROVED
55,2024-04-07 20:57:32,2024-04-07 21:36:32,FAILED
56,2024-04-03 11:40:29,2024-04-03 12:03:29,APPROVED
58,2024-01-08 04:18:44,2024-01-08 04:35:44,APPROVED
59,2024-09-05 19:15:32,2024-09-05 19:29:32,PENDING
60,2024-03-25 14:48:52,2024-03-25 15:02:52,APPROVED
61,2024-08-20 11:40:08,2024-08-20 12:36:08,APPROVED
63,2024-04-21 02:52:45,2024-04-21 03:23:45,FAILED
64,2024-02-01 12:02:04,2024-02-01 12:44:04,APPROVED
65,2024-09-01 20:04:29,2024-09-01 20:53:29,FAILED
66,2024-09-17 04:18:00,2024-09-17 04:45:00,APPROVED
68,2024-05-06 22:25:40,2024-05-06 22:34:40,APPROVED
69,2024-02-11 17:38:48,2024-02-11 18:03:48,APPROVED
70,2024-09-24 12:17:07,2024-09-24 13:15:07,APPROVED
71,2024-05-02 11:02:14,2024-05-02 11:16:14,APPROVED
72,2024-08-22 14:20:41,2024-08-22 15:05:41,APPROVED
73,2024-11-14 21:57:52,2024-11-14 22:18:52,APPROVED
74,2024-04-19 20:01:07,2024-04-19 20:54:07,PENDING
75,2024-02-05 10:10:38,2024-02-05 10:21:38,FAILED
76,2024-08-12 20:52:40,2024-08-12 21:38:40,APPROVED
77,2024-11-30 20:06:29,2024-11-30 20:56:29,APPROVED
78,2024-06-02 04:45:17,2024-06-02 05:07:17,APPROVED
81,2024-12-18 00:57:30,2024-12-18 01:41:30,APPROVED
82,2024-05-08 03:42:58,2024-05-08 04:32:58,APPROVED
83,2024-05-21 03:42:18,2024-05-21 04:07:18,APPROVED
84,2024-11-22 11:23:15,2024-11-22 11:50:15,APPROVED
85,2024-10-09 16:49:17,2024-10-09 17:48:17,APPROVED
86,2024-02-08 06:50:36,2024-02-08 07:48:36,APPROVED
87,2024-10-25 22:16:00,2024-10-25 22:23:00,APPROVED
88,2024-01-22 12:16:24,2024-01-22 12:55:24,APPROVED
89,2024-04-17 10:31:06,2024-04-17 11:00:06,APPROVED
90,2024-10-13 15:16:44,2024-10-13 15:29:44,APPROVED
91,2024-05-01 06:14:59,2024-05-01 06:34:59,FAILED
92,2024-04-01 13:27:40,2024-04-01 13:43:40,APPROVED
93,2024-05-16 06:37:46,2024-05-16 06:51:46,APPROVED
94,2024-01-20 19:28:14,2024-01-20 20:24:14,APPROVED
96,2024-12-03 08:27:53,2024-12-03 08:29:53,FAILED
97,2024-02-05 11:28:45,2024-02-05 11:55:45,FAILED
98,2024-07-23 20:42:22,2024-07-23 21:32:22,PENDING
99,2024-05-13 08:25:05,2024-05-13 08:40:05,APPROVED
100,2024-02-25 23:38:13,2024-02-26 00:26:13,FAILED
101,2024-08-11 22:39:17,2024-08-11 23:08:17,FAILED
102,2024-10-22 09:03:14,2024-10-22 09:40:14,APPROVED
103,2024-01-01 21:30:46,2024-01-01 21:32:46,APPROVED
104,2024-07-05 17:03:11,2024-07-05 17:32:11,APPROVED
105,2024-11-15 12:58:45,2024-11-15 13:20:45,APPROVED
107,2024-07-25 12:54:52,2024-07-25 13:34:52,PENDING
109,2024-11-11 22:03:13,2024-11-11 22:17:13,APPROVED
110,2024-01-01 12:15:49,2024-01-01 12:22:49,APPROVED
111,2024-10-23 23:50:16,2024-10-24 00:30:16,APPROVED
113,2024-08-30 07:53:41,2024-08-30 08:28:41,APPROVED
114,2024-09-21 00:22:40,2024-09-21 01:19:40,PENDING
115,2024-04-30 12:24:07,2024-04-30 12:56:07,APPROVED
117,2024-02-07 18:37:52,2024-02-07 19:24:52,APPROVED
119,2024-03-17 01:29:10,2024-03-17 01:48:10,APPROVED
121,2024-08-25 04:30:42,2024-08-25 04:47:42,APPROVED
122,2024-08-21 06:52:17,2024-08-21 07:30:17,APPROVED
124,2024-09-15 18:03:13,2024-09-15 18:24:13,APPROVED
125,2024-08-31 17:54:11,2024-08-31 18:07:11,FAILED
126,2024-09-23 19:37:37,2024-09-23 19:50:37,APPROVED
128,2024-05-19 15:06:40,2024-05-19 15:48:40,APPROVED
129,2024-03-11 07:11:29,2024-03-11 08:10:29,APPROVED
130,2024-12-27 09:28:23,2024-12-27 09:34:23,FAILED
131,2024-06-18 21:37:21,2024-06-18 21:49:21,APPROVED
132,2024-04-15 17:13:49,2024-04-15 17:59:49,APPROVED
133,2024-10-21 16:06:57,2024-10-21 16:20:57,APPROVED
134,2024-06-01 14:41:56,2024-06-01 15:03:56,APPROVED
135,2024-11-04 09:46:46,2024-11-04 10:30:46,APPROVED
137,2024-12-08 16:01:14,2024-12-08 16:13:14,FAILED
138,2024-03-07 00:04:20,2024-03-07 00:53:20,APPROVED
139,2024-10-30 22:00:55,2024-10-30 22:11:55,APPROVED
140,2024-11-25 17:53:19,2024-11-25 18:29:19,APPROVED
141,2024-01-26 11:33:19,2024-01-26 12:16:19,APPROVED
142,2024-08-20 12:45:00,2024-08-20 13:15:00,APPROVED
143,2024-08-03 10:31:05,2024-08-03 10:48:05,APPROVED
144,2024-10-03 02:07:46,2024-10-03 02:09:46,APPROVED
145,2024-11-29 04:07:56,2024-11-29 04:15:56,FAILED
146,2024-01-11 22:58:19,2024-01-11 23:26:19,APPROVED
147,2024-08-30 04:59:53,2024-08-30 05:40:53,APPROVED
148,2024-12-24 10:19:46,2024-12-24 10:27:46,APPROVED
149,2024-11-06 04:42:12,2024-11-06 05:08:12,APPROVED
150,2024-10-23 03:07:05,2024-10-23 03:48:05,APPROVED
151,2024-07-22 09:10:15,2024-07-22 09:50:15,APPROVED
154,2024-12-04 13:57:31,2024-12-04 14:37:31,APPROVED
155,2024-01-07 17:25:37,2024-01-07 18:11:37,APPROVED
157,2024-08-10 07:32:46,2024-08-10 07:55:46,APPROVED
158,2024-11-11 21:30:39,2024-11-11 22:19:39,APPROVED
159,2024-10-30 11:10:19,2024-10-30 12:00:19,FAILED
160,2024-05-22 17:48:47,2024-05-22 18:29:47,APPROVED
161,2024-11-08 14:43:54,2024-11-08 15:09:54,APPROVED
162,2024-06-15 08:38:14,2024-06-15 09:27:14,FAILED
163,2024-05-12 14:26:28,2024-05-12 14:30:28,APPROVED
165,2024-05-03 15:40:51,2024-05-03 16:36:51,APPROVED
166,2024-12-19 19:04:02,2024-12-19 19:21:02,FAILED
167,2024-08-17 01:45:40,2024-08-17 02:20:40,APPROVED
168,2024-07-26 09:59:30,2024-07-26 10:05:30,PENDING
170,2024-08-05 22:05:20,2024-08-05 22:57:20,PENDING
171,2024-05-18 12:19:49,2024-05-18 12:40:49,APPROVED
172,2024-04-08 12:33:19,2024-04-08 12:54:19,APPROVED
173,2024-12-19 09:20:27,2024-12-19 10:12:27,APPROVED
175,2024-02-21 08:30:03,2024-02-21 08:59:03,APPROVED
176,2024-04-01 13:35:18,2024-04-01 14:07:18,APPROVED
177,2024-03-05 11:37:14,2024-03-05 12:17:14,APPROVED
178,2024-05-29 05:51:51,2024-05-29 06:12:51,APPROVED
179,2024-01-07 22:20:03,2024-01-07 22:30:03,APPROVED
180,2024-08-13 13:29:17,2024-08-13 14:26:17,APPROVED
181,2024-09-01 05:39:13,2024-09-01 06:06:13,PENDING
182,2024-02-07 22:52:31,2024-02-07 22:58:31,APPROVED
183,2024-03-18 07:41:55,2024-03-18 07:53:55,APPROVED
184,2024-05-07 06:16:45,2024-05-07 07:04:45,APPROVED
185,2024-11-02 00:45:57,2024-11-02 00:50:57,APPROVED
186,2024-08-18 18:01:08,2024-08-18 18:05:08,PENDING
187,2024-06-05 23:02:11,2024-06-05 23:46:11,APPROVED
189,2024-12-04 04:42:21,2024-12-04 05:37:21,APPROVED
190,2024-10-09 03:43:58,2024-10-09 04:10:58,APPROVED
192,2024-04-28 12:27:22,2024-04-28 12:39:22,FAILED
193,2024-02-06 10:02:55,2024-02-06 10:46:55,FAILED
194,2024-12-04 09:56:08,2024-12-04 10:44:08,FAILED
195,2024-04-26 01:00:46,2024-04-26 01:54:46,APPROVED
196,2024-02-06 04:44:16,2024-02-06 05:05:16,APPROVED
197,2024-10-18 11:15:28,2024-10-18 12:06:28,APPROVED
198,2024-12-18 12:46:17,2024-12-18 12:58:17,APPROVED
199,2024-09-13 20:16:36,2024-09-13 20:50:36,PENDING
200,2024-11-02 02:50:04,2024-11-02 02:55:04,APPROVED
201,2024-11-05 11:19:56,2024-11-05 12:16:56,APPROVED
202,2024-12-11 23:02:32,2024-12-11 23:14:32,APPROVED
203,2024-10-22 02:23:53,2024-10-22 02:26:53,APPROVED
204,2024-11-29 16:56:03,2024-11-29 17:01:03,APPROVED
207,2024-03-23 13:27:28,2024-03-23 14:07:28,APPROVED
209,2024-02-15 12:47:04,2024-02-15 13:27:04,APPROVED
210,2024-07-25 20:26:09,2024-07-25 21:20:09,APPROVED
211,2024-08-24 15:40:45,2024-08-24 16:04:45,FAILED
212,2024-07-05 00:15:09,2024-07-05 00:42:09,APPROVED
213,2024-01-27 07:53:40,2024-01-27 08:50:40,APPROVED
215,2024-01-16 00:36:18,2024-01-16 01:21:18,APPROVED
216,2024-06-08 20:35:19,2024-06-08 21:17:19,PENDING
217,2024-02-17 10:08:51,2024-02-17 10:12:51,PENDING
218,2024-11-27 07:42:21,2024-11-27 08:15:21,APPROVED
219,2024-09-17 11:08:18,2024-09-17 11:52:18,FAILED
220,2024-05-04 18:46:51,2024-05-04 19:00:51,APPROVED
221,2024-04-08 00:40:21,2024-04-08 01:27:21,APPROVED
222,2024-02-05 12:45:28,2024-02-05 13:30:28,PENDING
224,2024-10-27 22:23:51,2024-10-27 22:55:51,APPROVED
225,2024-08-16 21:19:32,2024-08-16 22:05:32,APPROVED
226,2024-10-09 21:19:08,2024-10-09 22:18:08,APPROVED
227,2024-04-06 10:33:40,2024-04-06 11:32:40,APPROVED
228,2024-07-29 04:12:20,2024-07-29 04:45:20,APPROVED
229,2024-12-27 16:06:48,2024-12-27 16:57:48,PENDING
230,2024-09-10 03:18:52,2024-09-10 04:07:52,APPROVED
231,2024-06-18 06:15:14,2024-06-18 06:44:14,FAILED
232,2024-08-21 01:00:31,2024-08-21 01:07:31,APPROVED
233,2024-12-01 06:09:12,2024-12-01 06:47:12,APPROVED
234,2024-06-22 23:11:31,2024-06-22 23:32:31,APPROVED
235,2024-06-17 21:19:42,2024-06-17 21:41:42,FAILED
236,2024-10-04 03:29:25,2024-10-04 04:13:25,APPROVED
237,2024-11-19 12:47:47,2024-11-19 13:18:47,APPROVED
238,2024-08-10 05:02:03,2024-08-10 05:47:03,APPROVED
239,2024-08-15 08:06:25,2024-08-15 08:59:25,FAILED
240,2024-01-24 13:42:36,2024-01-24 13:51:36,APPROVED
241,2024-07-10 18:08:50,2024-07-10 18:23:50,APPROVED
242,2024-07-29 22:49:17,2024-07-29 23:12:17,APPROVED
243,2024-03-30 05:35:30,2024-03-30 05:51:30,APPROVED
244,2024-12-15 11:36:06,2024-12-15 12:09:06,APPROVED
245,2024-04-28 19:33:23,2024-04-28 19:45:23,PENDING
246,2024-05-10 01:47:31,2024-05-10 02:11:31,FAILED
247,2024-03-21 03:56:21,2024-03-21 04:42:21,PENDING
248,2024-06-03 00:12:46,2024-06-03 00:34:46,FAILED
249,2024-08-21 13:26:59,2024-08-21 13:47:59,APPROVED
250,2024-02-24 09:53:11,2024-02-24 10:13:11,FAILED
251,2024-10-21 13:17:20,2024-10-21 14:00:20,APPROVED
252,2024-12-03 16:46:39,2024-12-03 17:42:39,APPROVED
254,2024-05-26 09:28:42,2024-05-26 09:36:42,APPROVED
255,2024-11-21 08:09:20,2024-11-21 08:52:20,APPROVED
256,2024-11-17 04:38:15,2024-11-17 04:55:15,APPROVED
257,2024-06-07 17:55:59,2024-06-07 18:08:59,APPROVED
259,2024-03-30 09:19:38,2024-03-30 10:13:38,APPROVED
260,2024-09-28 19:04:11,2024-09-28 19:13:11,APPROVED
261,2024-09-03 12:36:44,2024-09-03 12:52:44,APPROVED
262,2024-08-27 04:54:29,2024-08-27 05:43:29,APPROVED
263,2024-10-12 15:11:02,2024-10-12 15:57:02,APPROVED
264,2024-05-15 21:15:09,2024-05-15 22:15:09,FAILED
265,2024-12-10 10:05:42,2024-12-10 10:32:42,APPROVED
266,2024-02-25 09:35:47,2024-02-25 10:10:47,FAILED
267,2024-10-14 13:09:32,2024-10-14 13:59:32,FAILED
270,2024-09-09 06:01:40,2024-09-09 06:23:40,APPROVED
271,2024-03-10 14:39:00,2024-03-10 15:16:00,APPROVED
274,2024-07-27 11:37:06,2024-07-27 11:41:06,PENDING
275,2024-04-21 18:12:35,2024-04-21 18:42:35,APPROVED
276,2024-02-20 14:33:27,2024-02-20 15:13:27,APPROVED
277,2024-02-01 14:46:44,2024-02-01 15:03:44,APPROVED
278,2024-08-20 04:37:15,2024-08-20 05:17:15,APPROVED
279,2024-01-11 03:32:29,2024-01-11 04:01:29,APPROVED
280,2024-10-16 08:18:16,2024-10-16 08:45:16,APPROVED
281,2024-10-27 10:08:45,2024-10-27 10:19:45,APPROVED
282,2024-11-01 02:19:11,2024-11-01 03:05:11,APPROVED
283,2024-10-03 11:34:33,2024-10-03 12:08:33,APPROVED
284,2024-03-08 02:27:27,2024-03-08 02:56:27,APPROVED
286,2024-03-05 15:56:36,2024-03-05 16:41:36,APPROVED
287,2024-08-31 17:47:16,2024-08-31 18:38:16,APPROVED
288,2024-02-25 16:59:25,2024-02-25 17:25:25,PENDING
289,2024-01-24 00:26:23,2024-01-24 00:39:23,APPROVED
290,2024-11-25 02:53:02,2024-11-25 03:01:02,APPROVED
291,2024-08-06 05:30:50,2024-08-06 06:10:50,APPROVED
293,2024-02-03 06:29:40,2024-02-03 07:21:40,APPROVED
294,2024-10-07 14:05:22,2024-10-07 14:15:22,APPROVED
295,2024-05-30 17:38:09,2024-05-30 17:49:09,APPROVED
297,2024-04-20 16:39:30,2024-04-20 17:24:30,APPROVED
298,2024-06-22 17:32:41,2024-06-22 18:25:41,APPROVED
299,2024-06-09 17:36:16,2024-06-09 18:34:16,PENDING
301,2024-02-16 05:26:28,2024-02-16 05:33:28,APPROVED
303,2024-10-14 21:12:00,2024-10-14 21:49:00,PENDING
306,2024-10-22 20:31:27,2024-10-22 21:29:27,APPROVED
307,2024-04-24 05:48:24,2024-04-24 06:37:24,APPROVED
308,2024-02-28 11:19:32,2024-02-28 12:08:32,APPROVED
310,2024-01-14 22:39:22,2024-01-14 23:24:22,PENDING
311,2024-01-15 07:46:07,2024-01-15 08:11:07,FAILED
312,2024-06-22 13:43:49,2024-06-22 13:55:49,APPROVED
313,2024-10-17 02:45:59,2024-10-17 03:21:59,FAILED
314,2024-11-20 02:07:58,2024-11-20 02:25:58,APPROVED
315,2024-04-20 15:02:48,2024-04-20 15:45:48,APPROVED
316,2024-03-21 15:52:23,2024-03-21 16:48:23,APPROVED
317,2024-10-17 23:05:28,2024-10-17 23:29:28,APPROVED
318,2024-03-22 00:06:41,2024-03-22 00:08:41,APPROVED
319,2024-05-19 18:13:59,2024-05-19 18:24:59,APPROVED
320,2024-11-06 17:35:39,2024-11-06 17:53:39,APPROVED
321,2024-09-19 06:27:38,2024-09-19 06:40:38,APPROVED
322,2024-05-25 23:05:43,2024-05-25 23:17:43,APPROVED
323,2024-01-24 09:58:43,2024-01-24 10:45:43,APPROVED
324,2024-01-04 08:27:34,2024-01-04 09:16:34,APPROVED
325,2024-05-10 12:21:18,2024-05-10 13:05:18,PENDING
326,2024-09-11 17:59:46,2024-09-11 18:44:46,APPROVED
327,2024-09-29 10:07:41,2024-09-29 10:41:41,APPROVED
328,2024-02-06 15:39:24,2024-02-06 15:47:24,FAILED
329,2024-01-10 18:50:20,2024-01-10 19:35:20,APPROVED
330,2024-08-07 22:35:36,2024-08-07 23:24:36,APPROVED
331,2024-05-28 06:12:36,2024-05-28 06:41:36,APPROVED
332,2024-03-28 23:43:18,2024-03-29 00:34:18,APPROVED
333,2024-02-15 18:29:00,2024-02-15 18:58:00,APPROVED
334,2024-10-28 17:04:47,2024-10-28 17:38:47,APPROVED
335,2024-06-07 14:42:40,2024-06-07 14:53:40,APPROVED
336,2024-02-09 19:07:10,2024-02-09 19:18:10,APPROVED
338,2024-04-30 05:44:34,2024-04-30 06:00:34,APPROVED
339,2024-03-29 23:26:57,2024-03-29 23:31:57,APPROVED
341,2024-10-23 16:47:38,2024-10-23 17:00:38,APPROVED
342,2024-06-15 00:19:10,2024-06-15 00:51:10,APPROVED
343,2024-02-04 18:39:22,2024-02-04 19:04:22,APPROVED
344,2024-05-20 23:29:58,2024-05-21 00:20:58,FAILED
345,2024-02-07 13:46:05,2024-02-07 14:37:05,APPROVED
346,2024-01-30 14:12:31,2024-01-30 14:51:31,APPROVED
347,2024-11-10 23:08:47,2024-11-10 23:17:47,APPROVED
349,2024-10-20 02:11:57,2024-10-20 02:41:57,PENDING
350,2024-08-31 19:33:15,2024-08-31 20:21:15,APPROVED
351,2024-02-22 13:15:15,2024-02-22 13:25:15,APPROVED
355,2024-06-22 22:35:06,2024-06-22 23:35:06,APPROVED
357,2024-05-25 09:52:29,2024-05-25 10:38:29,PENDING
358,2024-03-17 14:18:14,2024-03-17 14:32:14,APPROVED
359,2024-06-28 13:11:42,2024-06-28 13:17:42,APPROVED
360,2024-03-07 22:58:53,2024-03-07 23:25:53,APPROVED
361,2024-10-13 14:15:52,2024-10-13 14:54:52,APPROVED
362,2024-12-09 21:09:55,2024-12-09 21:56:55,APPROVED
363,2024-09-17 15:40:25,2024-09-17 15:59:25,APPROVED
364,2024-04-02 08:32:54,2024-04-02 08:36:54,APPROVED
366,2024-02-21 19:56:03,2024-02-21 20:50:03,APPROVED
367,2024-01-20 14:19:40,2024-01-20 14:44:40,APPROVED
368,2024-07-11 08:10:58,2024-07-11 08:20:58,APPROVED
370,2024-12-12 09:12:53,2024-12-12 10:00:53,PENDING
371,2024-08-17 10:29:11,2024-08-17 11:20:11,PENDING
372,2024-08-28 08:43:50,2024-08-28 09:26:50,APPROVED
373,2024-08-13 19:16:33,2024-08-13 19:46:33,APPROVED
374,2024-09-27 17:46:34,2024-09-27 18:36:34,APPROVED
375,2024-03-11 10:45:08,2024-03-11 10:56:08,PENDING
376,2024-07-09 22:12:24,2024-07-09 23:09:24,APPROVED
377,2024-03-04 11:50:43,2024-03-04 11:53:43,APPROVED
378,2024-08-18 20:56:26,2024-08-18 21:10:26,APPROVED
379,2024-04-23 18:08:30,2024-04-23 18:35:30,APPROVED
380,2024-01-28 15:19:04,2024-01-28 15:59:04,APPROVED
381,2024-07-16 04:48:16,2024-07-16 05:43:16,APPROVED
382,2024-06-12 04:31:27,2024-06-12 04:42:27,PENDING
385,2024-11-11 02:53:28,2024-11-11 03:40:28,APPROVED
386,2024-04-20 07:16:37,2024-04-20 08:10:37,APPROVED
387,2024-09-27 16:48:36,2024-09-27 17:34:36,APPROVED
388,2024-06-03 04:46:10,2024-06-03 05:22:10,APPROVED
389,2024-11-23 23:39:33,2024-11-24 00:39:33,APPROVED
390,2024-09-12 23:36:35,2024-09-12 23:56:35,APPROVED
391,2024-10-21 10:49:31,2024-10-21 11:43:31,PENDING
392,2024-08-07 00:52:25,2024-08-07 01:16:25,APPROVED
394,2024-09-25 14:29:45,2024-09-25 14:42:45,APPROVED
395,2024-09-16 19:04:55,2024-09-16 20:03:55,APPROVED
396,2024-08-28 04:25:06,2024-08-28 04:33:06,APPROVED
398,2024-05-04 02:26:27,2024-05-04 02:28:27,FAILED
400,2024-06-23 00:28:12,2024-06-23 00:58:12,APPROVED
401,2024-12-22 18:15:22,2024-12-22 18:53:22,APPROVED
402,2024-02-02 17:10:48,2024-02-02 17:23:48,FAILED
403,2024-01-23 09:20:44,2024-01-23 09:48:44,APPROVED
404,2024-09-20 16:06:56,2024-09-20 17:06:56,APPROVED
405,2024-01-20 01:13:10,2024-01-20 01:49:10,APPROVED
406,2024-01-26 00:56:28,2024-01-26 01:31:28,APPROVED
407,2024-07-07 16:58:32,2024-07-07 17:15:32,APPROVED
408,2024-07-16 14:31:38,2024-07-16 15:03:38,PENDING
411,2024-05-30 13:51:41,2024-05-30 14:47:41,APPROVED
412,2024-12-04 13:02:50,2024-12-04 13:18:50,APPROVED
413,2024-08-06 07:42:02,2024-08-06 08:30:02,APPROVED
415,2024-08-10 12:03:46,2024-08-10 12:09:46,APPROVED
416,2024-12-10 00:14:40,2024-12-10 00:25:40,APPROVED
417,2024-12-13 07:24:29,2024-12-13 07:35:29,FAILED
418,2024-12-13 17:40:12,2024-12-13 18:01:12,APPROVED
419,2024-05-01 01:31:22,2024-05-01 01:33:22,APPROVED
420,2024-10-17 03:29:44,2024-10-17 04:19:44,APPROVED
421,2024-07-08 15:30:40,2024-07-08 16:28:40,APPROVED
423,2024-11-28 11:19:48,2024-11-28 11:38:48,PENDING
424,2024-04-05 19:15:10,2024-04-05 19:56:10,APPROVED
425,2024-03-01 11:40:51,2024-03-01 12:20:51,FAILED
426,2024-04-20 00:14:39,2024-04-20 00:57:39,APPROVED
427,2024-04-12 05:58:54,2024-04-12 06:27:54,APPROVED
428,2024-03-29 18:01:21,2024-03-29 18:57:21,APPROVED
429,2024-12-07 13:02:57,2024-12-07 13:17:57,APPROVED
430,2024-10-04 11:24:18,2024-10-04 12:06:18,PENDING
433,2024-10-10 21:38:09,2024-10-10 21:40:09,PENDING
434,2024-03-07 23:27:49,2024-03-08 00:17:49,APPROVED
435,2024-07-22 17:51:39,2024-07-22 18:14:39,APPROVED
436,2024-10-21 04:32:06,2024-10-21 04:43:06,APPROVED
437,2024-08-18 19:22:37,2024-08-18 19:26:37,APPROVED
438,2024-03-06 21:59:20,2024-03-06 22:06:20,PENDING
439,2024-03-07 17:27:04,2024-03-07 17:38:04,FAILED
440,2024-09-22 07:45:16,2024-09-22 08:25:16,APPROVED
441,2024-06-14 08:55:32,2024-06-14 09:18:32,APPROVED
442,2024-02-10 11:11:27,2024-02-10 12:02:27,APPROVED
443,2024-05-20 05:37:26,2024-05-20 06:15:26,APPROVED
444,2024-09-30 05:59:05,2024-09-30 06:56:05,APPROVED
445,2024-10-30 22:16:26,2024-10-30 22:49:26,APPROVED
446,2024-11-05 13:30:32,2024-11-05 13:49:32,APPROVED
447,2024-02-11 03:27:18,2024-02-11 03:58:18,APPROVED
448,2024-11-29 08:58:31,2024-11-29 09:41:31,PENDING
449,2024-11-23 02:34:09,2024-11-23 03:30:09,APPROVED
451,2024-12-16 16:35:07,2024-12-16 16:57:07,APPROVED
452,2024-12-18 04:40:52,2024-12-18 05:38:52,PENDING
453,2024-09-04 19:22:35,2024-09-04 19:39:35,APPROVED
455,2024-07-23 06:50:39,2024-07-23 06:56:39,APPROVED
456,2024-02-24 13:24:07,2024-02-24 13:55:07,APPROVED
457,2024-05-16 17:20:09,2024-05-16 18:08:09,APPROVED
459,2024-05-07 07:03:52,2024-05-07 07:09:52,APPROVED
461,2024-09-12 12:18:01,2024-09-12 12:37:01,APPROVED
462,2024-07-20 19:27:09,2024-07-20 19:49:09,APPROVED
468,2024-10-14 07:50:13,2024-10-14 07:57:13,APPROVED
469,2024-02-07 15:45:59,2024-02-07 16:15:59,FAILED
471,2024-03-06 05:35:12,2024-03-06 06:04:12,APPROVED
472,2024-10-12 14:27:40,2024-10-12 14:59:40,APPROVED
474,2024-01-20 06:52:21,2024-01-20 07:46:21,APPROVED
475,2024-09-22 18:54:18,2024-09-22 19:38:18,APPROVED
477,2024-07-21 00:52:45,2024-07-21 01:14:45,APPROVED
478,2024-06-21 21:23:14,2024-06-21 21:45:14,APPROVED
480,2024-07-07 13:39:36,2024-07-07 14:34:36,FAILED
482,2024-11-01 17:59:45,2024-11-01 18:27:45,APPROVED
483,2024-10-22 09:45:04,2024-10-22 10:00:04,PENDING
485,2024-07-13 06:14:49,2024-07-13 06:17:49,APPROVED
488,2024-07-29 19:53:14,2024-07-29 20:22:14,APPROVED
490,2024-06-15 19:10:01,2024-06-15 19:22:01,APPROVED
491,2024-03-29 19:11:09,2024-03-29 19:40:09,APPROVED
493,2024-09-04 07:24:00,2024-09-04 07:31:00,APPROVED
494,2024-06-01 10:18:13,2024-06-01 11:08:13,APPROVED
495,2024-12-19 19:48:14,2024-12-19 20:41:14,APPROVED
496,2024-10-13 12:08:22,2024-10-13 12:39:22,APPROVED
497,2024-12-12 21:01:37,2024-12-12 21:25:37,PENDING
499,2024-06-26 17:02:23,2024-06-26 17:27:23,FAILED
502,2024-10-27 11:26:43,2024-10-27 12:26:43,APPROVED
503,2024-04-26 01:15:36,2024-04-26 02:09:36,APPROVED
504,2024-07-30 13:40:32,2024-07-30 14:09:32,APPROVED
506,2024-07-28 00:39:15,2024-07-28 01:32:15,PENDING
507,2024-05-27 14:00:36,2024-05-27 14:13:36,APPROVED
508,2024-02-16 00:12:58,2024-02-16 00:59:58,FAILED
509,2024-01-20 07:58:26,2024-01-20 08:53:26,FAILED
510,2024-07-22 19:42:10,2024-07-22 19:57:10,APPROVED
511,2024-01-20 01:41:14,2024-01-20 01:52:14,APPROVED
513,2024-09-25 18:21:58,2024-09-25 18:52:58,APPROVED
514,2024-05-19 09:12:12,2024-05-19 09:28:12,APPROVED
515,2024-08-23 01:40:12,2024-08-23 02:32:12,APPROVED
516,2024-01-08 12:43:25,2024-01-08 13:25:25,APPROVED
518,2024-09-20 13:25:22,2024-09-20 13:34:22,APPROVED
519,2024-04-04 06:19:10,2024-04-04 06:52:10,FAILED
520,2024-01-04 10:50:41,2024-01-04 11:42:41,APPROVED
521,2024-05-16 14:13:04,2024-05-16 14:41:04,APPROVED
522,2024-01-06 10:55:22,2024-01-06 11:08:22,APPROVED
523,2024-02-01 06:23:15,2024-02-01 07:19:15,APPROVED
526,2024-04-22 05:36:47,2024-04-22 05:48:47,APPROVED
527,2024-11-06 13:52:11,2024-11-06 14:28:11,APPROVED
528,2024-08-29 20:35:13,2024-08-29 20:44:13,FAILED
529,2024-12-14 23:28:34,2024-12-15 00:14:34,PENDING
530,2024-09-27 13:57:19,2024-09-27 14:21:19,APPROVED
531,2024-02-01 21:34:21,2024-02-01 22:03:21,APPROVED
532,2024-10-01 06:10:21,2024-10-01 06:55:21,FAILED
533,2024-08-14 06:25:55,2024-08-14 07:16:55,APPROVED
535,2024-08-20 07:06:14,2024-08-20 07:55:14,APPROVED
536,2024-10-15 03:12:07,2024-10-15 03:26:07,APPROVED
537,2024-01-12 16:07:57,2024-01-12 16:19:57,FAILED
539,2024-12-24 04:36:17,2024-12-24 05:34:17,APPROVED
541,2024-03-11 01:11:25,2024-03-11 01:33:25,APPROVED
542,2024-07-10 15:40:32,2024-07-10 16:05:32,APPROVED
543,2024-02-11 21:19:07,2024-02-11 21:21:07,APPROVED
544,2024-03-01 09:06:52,2024-03-01 09:22:52,APPROVED
545,2024-03-06 09:17:28,2024-03-06 09:25:28,APPROVED
546,2024-08-25 22:16:21,2024-08-25 22:22:21,APPROVED
547,2024-04-27 10:29:41,2024-04-27 11:23:41,APPROVED
548,2024-05-21 07:53:44,2024-05-21 08:12:44,APPROVED
549,2024-12-04 16:46:50,2024-12-04 17:12:50,APPROVED
550,2024-04-15 04:22:59,2024-04-15 05:00:59,PENDING
551,2024-08-16 23:00:52,2024-08-16 23:04:52,FAILED
552,2024-05-05 01:46:38,2024-05-05 01:52:38,APPROVED
553,2024-10-03 09:01:37,2024-10-03 09:23:37,FAILED
554,2024-05-28 10:15:32,2024-05-28 10:56:32,APPROVED
555,2024-10-22 23:43:10,2024-10-23 00:43:10,APPROVED
556,2024-06-03 06:25:57,2024-06-03 06:30:57,FAILED
558,2024-10-29 07:06:35,2024-10-29 07:54:35,PENDING
559,2024-10-11 19:05:42,2024-10-11 19:51:42,FAILED
560,2024-09-25 12:38:17,2024-09-25 12:59:17,APPROVED
561,2024-03-17 12:28:06,2024-03-17 12:47:06,APPROVED
562,2024-08-30 09:45:24,2024-08-30 10:07:24,FAILED
564,2024-10-12 20:18:47,2024-10-12 20:53:47,APPROVED
565,2024-05-10 08:47:11,2024-05-10 09:09:11,FAILED
566,2024-08-18 14:18:37,2024-08-18 15:05:37,APPROVED
567,2024-01-27 12:09:27,2024-01-27 12:58:27,FAILED
569,2024-12-09 21:25:49,2024-12-09 22:19:49,APPROVED
570,2024-06-19 12:44:19,2024-06-19 13:34:19,APPROVED
572,2024-12-26 09:17:45,2024-12-26 09:25:45,PENDING
573,2024-06-13 11:44:21,2024-06-13 12:41:21,APPROVED
574,2024-11-28 14:10:48,2024-11-28 14:39:48,APPROVED
575,2024-09-19 19:20:19,2024-09-19 19:31:19,APPROVED
576,2024-06-12 09:30:44,2024-06-12 10:01:44,APPROVED
577,2024-01-24 22:01:51,2024-01-24 22:19:51,APPROVED
578,2024-01-09 10:16:40,2024-01-09 10:43:40,APPROVED
579,2024-08-01 11:40:51,2024-08-01 11:48:51,APPROVED
580,2024-04-27 15:31:46,2024-04-27 15:45:46,APPROVED
581,2024-10-09 01:35:00,2024-10-09 02:04:00,APPROVED
584,2024-09-07 07:15:03,2024-09-07 07:34:03,APPROVED
585,2024-09-25 02:54:53,2024-09-25 03:02:53,APPROVED
586,2024-01-04 16:16:53,2024-01-04 16:28:53,FAILED
587,2024-02-04 06:29:55,2024-02-04 07:17:55,APPROVED
588,2024-08-21 15:40:16,2024-08-21 16:29:16,APPROVED
589,2024-09-04 19:33:44,2024-09-04 19:39:44,APPROVED
590,2024-10-09 15:34:34,2024-10-09 16:18:34,APPROVED
592,2024-12-23 17:45:36,2024-12-23 17:47:36,APPROVED
595,2024-02-10 14:54:56,2024-02-10 15:39:56,PENDING
596,2024-05-04 10:28:23,2024-05-04 10:39:23,FAILED
597,2024-12-01 01:33:42,2024-12-01 02:06:42,APPROVED
599,2024-11-22 01:55:38,2024-11-22 01:57:38,FAILED
602,2024-12-20 22:41:09,2024-12-20 23:16:09,APPROVED
604,2024-04-01 11:45:00,2024-04-01 12:02:00,APPROVED
605,2024-03-14 16:38:05,2024-03-14 16:45:05,APPROVED
610,2024-10-31 16:09:36,2024-10-31 16:33:36,FAILED
612,2024-07-11 17:07:23,2024-07-11 17:53:23,APPROVED
613,2024-12-04 15:35:16,2024-12-04 16:27:16,FAILED
614,2024-05-06 04:13:34,2024-05-06 04:24:34,APPROVED
615,2024-07-14 00:53:46,2024-07-14 01:05:46,APPROVED
616,2024-06-11 15:02:57,2024-06-11 15:06:57,APPROVED
617,2024-06-06 17:03:32,2024-06-06 17:05:32,APPROVED
618,2024-03-08 03:33:42,2024-03-08 03:57:42,FAILED
619,2024-10-12 22:27:50,2024-10-12 23:04:50,APPROVED
620,2024-01-14 05:11:46,2024-01-14 05:25:46,APPROVED
621,2024-11-01 23:10:26,2024-11-01 23:34:26,APPROVED
622,2024-05-29 17:28:58,2024-05-29 17:36:58,FAILED
623,2024-05-04 22:45:27,2024-05-04 23:14:27,APPROVED
624,2024-03-27 07:24:18,2024-03-27 07:38:18,APPROVED
625,2024-09-09 05:46:47,2024-09-09 06:07:47,APPROVED
626,2024-05-21 17:39:54,2024-05-21 18:37:54,FAILED
627,2024-07-03 10:28:50,2024-07-03 11:02:50,PENDING
628,2024-11-01 00:01:08,2024-11-01 00:29:08,PENDING
629,2024-03-10 13:47:32,2024-03-10 14:15:32,APPROVED
630,2024-11-13 15:24:52,2024-11-13 16:03:52,APPROVED
632,2024-06-13 22:56:44,2024-06-13 23:06:44,APPROVED
633,2024-06-09 08:31:03,2024-06-09 09:02:03,FAILED
634,2024-12-22 00:48:35,2024-12-22 00:56:35,APPROVED
635,2024-06-15 15:33:30,2024-06-15 15:56:30,FAILED
636,2024-02-28 22:48:45,2024-02-28 23:35:45,APPROVED
637,2024-04-02 21:19:42,2024-04-02 21:29:42,APPROVED
638,2024-12-28 09:57:59,2024-12-28 10:18:59,APPROVED
639,2024-07-28 20:35:44,2024-07-28 20:49:44,APPROVED
641,2024-07-12 04:02:34,2024-07-12 04:05:34,FAILED
644,2024-11-01 00:46:07,2024-11-01 01:40:07,APPROVED
645,2024-12-02 14:38:31,2024-12-02 14:49:31,APPROVED
646,2024-01-23 21:58:22,2024-01-23 22:10:22,APPROVED
647,2024-06-18 16:35:20,2024-06-18 16:55:20,APPROVED
649,2024-10-12 22:45:09,2024-10-12 23:31:09,FAILED
650,2024-08-16 14:38:16,2024-08-16 14:58:16,APPROVED
651,2024-12-19 18:23:17,2024-12-19 19:06:17,APPROVED
652,2024-09-04 05:07:23,2024-09-04 05:17:23,APPROVED
653,2024-02-29 05:52:29,2024-02-29 06:16:29,APPROVED
654,2024-08-21 09:20:54,2024-08-21 09:55:54,APPROVED
655,2024-08-31 05:43:15,2024-08-31 06:31:15,APPROVED
656,2024-06-12 04:01:44,2024-06-12 04:53:44,FAILED
657,2024-01-12 14:47:27,2024-01-12 15:30:27,APPROVED
659,2024-06-18 21:44:00,2024-06-18 22:35:00,APPROVED
660,2024-07-27 00:59:43,2024-07-27 01:23:43,APPROVED
661,2024-07-21 03:02:46,2024-07-21 03:50:46,APPROVED
662,2024-08-18 23:11:41,2024-08-18 23:43:41,APPROVED
663,2024-12-26 10:17:13,2024-12-26 11:09:13,APPROVED
664,2024-10-22 04:48:16,2024-10-22 05:38:16,PENDING
665,2024-06-15 07:33:30,2024-06-15 07:37:30,FAILED
666,2024-12-09 20:03:17,2024-12-09 20:58:17,APPROVED
667,2024-11-01 15:08:59,2024-11-01 15:18:59,PENDING
668,2024-02-28 14:00:03,2024-02-28 14:30:03,APPROVED
669,2024-03-29 13:26:46,2024-03-29 14:01:46,FAILED
670,2024-12-10 07:00:36,2024-12-10 07:08:36,APPROVED
671,2024-06-05 06:57:28,2024-06-05 07:25:28,APPROVED
672,2024-09-18 16:08:36,2024-09-18 17:08:36,APPROVED
673,2024-10-21 15:29:13,2024-10-21 16:23:13,APPROVED
675,2024-10-11 07:55:31,2024-10-11 08:37:31,APPROVED
676,2024-04-05 12:44:12,2024-04-05 13:05:12,APPROVED
677,2024-07-02 01:11:56,2024-07-02 01:14:56,APPROVED
678,2024-07-15 22:20:47,2024-07-15 23:07:47,APPROVED
680,2024-09-07 07:53:22,2024-09-07 08:34:22,APPROVED
681,2024-04-22 12:41:04,2024-04-22 12:50:04,APPROVED
682,2024-10-02 10:56:36,2024-10-02 11:19:36,APPROVED
683,2024-09-10 21:19:53,2024-09-10 21:34:53,APPROVED
684,2024-02-28 12:42:12,2024-02-28 12:47:12,APPROVED
686,2024-02-23 01:25:58,2024-02-23 01:31:58,PENDING
689,2024-12-18 13:56:57,2024-12-18 14:30:57,APPROVED
690,2024-03-26 00:50:00,2024-03-26 01:48:00,PENDING
691,2024-01-31 22:34:20,2024-01-31 23:27:20,APPROVED
692,2024-11-01 21:40:57,2024-11-01 21:43:57,APPROVED
693,2024-05-28 22:02:09,2024-05-28 22:31:09,APPROVED
694,2024-03-10 17:06:08,2024-03-10 17:47:08,PENDING
695,2024-12-25 05:14:52,2024-12-25 05:31:52,APPROVED
696,2024-05-06 16:13:52,2024-05-06 17:11:52,FAILED
698,2024-08-19 03:43:58,2024-08-19 03:49:58,APPROVED
699,2024-09-20 11:15:47,2024-09-20 11:55:47,APPROVED
700,2024-09-06 13:08:58,2024-09-06 13:40:58,APPROVED
701,2024-08-23 00:25:49,2024-08-23 00:40:49,APPROVED
703,2024-04-18 19:20:43,2024-04-18 20:11:43,APPROVED
704,2024-06-21 20:50:37,2024-06-21 21:12:37,APPROVED
705,2024-09-05 13:31:54,2024-09-05 14:18:54,PENDING
706,2024-02-20 23:15:54,2024-02-21 00:10:54,PENDING
707,2024-03-21 17:12:00,2024-03-21 17:37:00,APPROVED
709,2024-05-20 04:24:54,2024-05-20 04:27:54,APPROVED
710,2024-02-12 14:33:18,2024-02-12 15:27:18,PENDING
711,2024-01-27 16:28:49,2024-01-27 16:31:49,FAILED
712,2024-08-08 00:47:55,2024-08-08 01:00:55,APPROVED
713,2024-01-01 09:43:13,2024-01-01 10:33:13,APPROVED
714,2024-10-30 09:41:07,2024-10-30 10:36:07,PENDING
715,2024-01-05 01:03:36,2024-01-05 01:26:36,APPROVED
716,2024-08-04 07:22:44,2024-08-04 08:11:44,FAILED
717,2024-07-15 05:28:08,2024-07-15 06:13:08,APPROVED
719,2024-03-10 01:06:32,2024-03-10 01:57:32,APPROVED
720,2024-09-28 21:30:31,2024-09-28 21:40:31,PENDING
722,2024-07-29 23:23:50,2024-07-29 23:46:50,APPROVED
723,2024-02-14 05:26:28,2024-02-14 05:44:28,FAILED
724,2024-07-15 14:10:56,2024-07-15 14:48:56,APPROVED
725,2024-05-06 12:04:02,2024-05-06 12:07:02,APPROVED
726,2024-10-11 00:08:54,2024-10-11 00:45:54,APPROVED
727,2024-05-25 02:27:35,2024-05-25 03:04:35,APPROVED
728,2024-09-23 00:02:51,2024-09-23 00:21:51,APPROVED
729,2024-06-01 00:09:34,2024-06-01 01:06:34,APPROVED
730,2024-07-16 04:42:17,2024-07-16 05:27:17,APPROVED
731,2024-02-06 21:11:03,2024-02-06 21:27:03,APPROVED
734,2024-10-27 03:48:31,2024-10-27 04:12:31,APPROVED
735,2024-01-21 02:55:05,2024-01-21 03:10:05,APPROVED
736,2024-11-17 19:21:33,2024-11-17 20:04:33,APPROVED
737,2024-02-13 01:06:16,2024-02-13 01:31:16,APPROVED
738,2024-03-19 11:30:08,2024-03-19 12:11:08,APPROVED
740,2024-07-19 21:55:05,2024-07-19 22:48:05,APPROVED
741,2024-06-07 18:02:42,2024-06-07 18:49:42,APPROVED
742,2024-05-05 05:31:20,2024-05-05 06:19:20,APPROVED
743,2024-11-09 23:06:00,2024-11-09 23:22:00,APPROVED
745,2024-03-24 20:29:25,2024-03-24 20:38:25,FAILED
746,2024-05-12 07:37:44,2024-05-12 08:12:44,APPROVED
747,2024-03-01 01:59:07,2024-03-01 02:59:07,APPROVED
749,2024-11-17 03:28:21,2024-11-17 04:14:21,APPROVED
750,2024-07-03 03:13:06,2024-07-03 03:37:06,APPROVED
751,2024-07-07 07:29:38,2024-07-07 07:45:38,APPROVED
752,2024-12-11 05:09:57,2024-12-11 05:45:57,APPROVED
753,2024-01-02 02:42:12,2024-01-02 03:22:12,APPROVED
754,2024-08-29 14:33:07,2024-08-29 15:01:07,APPROVED
755,2024-01-19 22:22:45,2024-01-19 22:36:45,FAILED
756,2024-04-24 12:41:59,2024-04-24 12:59:59,FAILED
757,2024-05-18 03:42:08,2024-05-18 04:39:08,APPROVED
758,2024-09-14 02:54:03,2024-09-14 03:04:03,APPROVED
760,2024-06-08 12:55:59,2024-06-08 13:42:59,APPROVED
762,2024-06-05 00:57:20,2024-06-05 01:01:20,APPROVED
764,2024-05-05 06:58:55,2024-05-05 07:48:55,APPROVED
765,2024-04-29 21:15:01,2024-04-29 22:15:01,FAILED
767,2024-02-23 08:55:15,2024-02-23 09:21:15,APPROVED
768,2024-09-08 04:40:50,2024-09-08 04:48:50,APPROVED
769,2024-02-17 03:38:54,2024-02-17 04:13:54,APPROVED
770,2024-12-24 14:55:43,2024-12-24 15:17:43,FAILED
773,2024-12-05 06:31:32,2024-12-05 07:29:32,APPROVED
774,2024-06-10 15:18:25,2024-06-10 15:37:25,APPROVED
775,2024-06-11 17:18:03,2024-06-11 17:58:03,FAILED
776,2024-04-13 05:57:20,2024-04-13 06:12:20,APPROVED
777,2024-02-24 08:10:04,2024-02-24 08:14:04,PENDING
778,2024-07-27 06:22:45,2024-07-27 07:17:45,FAILED
780,2024-02-16 06:52:18,2024-02-16 07:47:18,APPROVED
781,2024-01-21 10:28:43,2024-01-21 10:37:43,APPROVED
782,2024-12-30 09:41:14,2024-12-30 10:00:14,APPROVED
783,2024-01-26 12:55:49,2024-01-26 13:47:49,APPROVED
784,2024-07-26 17:18:50,2024-07-26 17:49:50,APPROVED
785,2024-05-07 05:49:55,2024-05-07 06:11:55,FAILED
787,2024-04-11 16:12:05,2024-04-11 16:56:05,FAILED
788,2024-10-25 22:37:23,2024-10-25 22:47:23,APPROVED
789,2024-02-03 08:04:59,2024-02-03 08:36:59,APPROVED
790,2024-02-17 13:12:16,2024-02-17 13:26:16,APPROVED
792,2024-09-11 02:12:24,2024-09-11 02:49:24,APPROVED
793,2024-03-29 13:34:12,2024-03-29 14:15:12,APPROVED
794,2024-05-23 18:07:19,2024-05-23 18:51:19,PENDING
795,2024-11-14 00:03:48,2024-11-14 00:47:48,APPROVED
796,2024-09-12 16:40:00,2024-09-12 17:12:00,APPROVED
799,2024-01-10 15:05:34,2024-01-10 15:36:34,PENDING
800,2024-10-05 19:36:47,2024-10-05 19:46:47,FAILED
802,2024-06-12 23:10:25,2024-06-12 23:29:25,APPROVED
803,2024-01-30 19:17:24,2024-01-30 20:08:24,APPROVED
804,2024-04-29 07:16:42,2024-04-29 07:45:42,APPROVED
805,2024-05-16 20:16:51,2024-05-16 20:39:51,APPROVED
806,2024-10-21 15:55:31,2024-10-21 16:53:31,APPROVED
807,2024-05-01 23:38:22,2024-05-02 00:19:22,APPROVED
809,2024-10-17 22:31:13,2024-10-17 22:54:13,PENDING
810,2024-09-09 20:31:17,2024-09-09 21:06:17,APPROVED
811,2024-01-20 04:23:10,2024-01-20 05:20:10,APPROVED
813,2024-06-18 23:11:35,2024-06-18 23:13:35,APPROVED
814,2024-03-31 13:15:53,2024-03-31 14:07:53,APPROVED
815,2024-10-27 06:54:26,2024-10-27 07:45:26,APPROVED
816,2024-02-07 16:09:07,2024-02-07 16:35:07,APPROVED
818,2024-03-10 07:26:04,2024-03-10 08:13:04,FAILED
819,2024-11-28 12:48:06,2024-11-28 13:28:06,PENDING
820,2024-12-21 23:27:40,2024-12-22 00:22:40,APPROVED
821,2024-03-30 15:47:35,2024-03-30 15:50:35,APPROVED
822,2024-03-06 08:03:12,2024-03-06 08:41:12,APPROVED
823,2024-07-19 21:42:41,2024-07-19 22:19:41,APPROVED
824,2024-06-11 23:36:34,2024-06-12 00:02:34,APPROVED
826,2024-05-01 13:56:37,2024-05-01 14:34:37,PENDING
827,2024-12-29 00:37:08,2024-12-29 01:15:08,APPROVED
828,2024-01-06 10:04:21,2024-01-06 10:12:21,APPROVED
829,2024-06-28 10:07:40,2024-06-28 10:18:40,APPROVED
830,2024-01-25 15:54:05,2024-01-25 16:44:05,APPROVED
831,2024-03-26 17:00:26,2024-03-26 17:23:26,FAILED
832,2024-10-06 15:21:57,2024-10-06 16:18:57,APPROVED
833,2024-11-29 10:08:47,2024-11-29 10:44:47,APPROVED
835,2024-02-23 04:22:05,2024-02-23 04:59:05,FAILED
837,2024-10-31 22:41:31,2024-10-31 23:07:31,APPROVED
838,2024-08-09 00:47:53,2024-08-09 01:01:53,APPROVED
840,2024-04-07 16:47:05,2024-04-07 17:40:05,APPROVED
841,2024-05-15 12:06:59,2024-05-15 12:08:59,APPROVED
842,2024-01-26 16:34:18,2024-01-26 17:19:18,APPROVED
843,2024-03-19 04:24:04,2024-03-19 04:36:04,APPROVED
844,2024-02-14 12:33:27,2024-02-14 12:58:27,APPROVED
845,2024-09-02 08:33:11,2024-09-02 09:22:11,APPROVED
846,2024-03-29 00:59:08,2024-03-29 01:54:08,APPROVED
847,2024-02-29 11:38:36,2024-02-29 11:40:36,APPROVED
848,2024-12-04 11:26:54,2024-12-04 11:49:54,APPROVED
849,2024-07-17 08:11:52,2024-07-17 08:53:52,APPROVED
850,2024-04-05 17:23:48,2024-04-05 17:42:48,APPROVED
851,2024-08-26 10:47:24,2024-08-26 11:12:24,APPROVED
852,2024-02-01 07:14:08,2024-02-01 07:58:08,APPROVED
853,2024-02-13 13:18:01,2024-02-13 13:31:01,APPROVED
854,2024-04-26 22:28:21,2024-04-26 23:19:21,APPROVED
855,2024-08-02 21:04:50,2024-08-02 21:57:50,APPROVED
856,2024-04-30 18:45:24,2024-04-30 18:47:24,FAILED
858,2024-10-19 23:50:00,2024-10-20 00:02:00,APPROVED
860,2024-01-22 16:56:52,2024-01-22 17:40:52,APPROVED
861,2024-04-14 00:55:11,2024-04-14 01:22:11,APPROVED
862,2024-06-12 04:49:23,2024-06-12 05:24:23,APPROVED
863,2024-07-22 21:10:58,2024-07-22 21:52:58,FAILED
864,2024-08-22 02:22:00,2024-08-22 02:55:00,APPROVED
865,2024-09-24 16:24:37,2024-09-24 17:07:37,APPROVED
867,2024-02-24 21:24:12,2024-02-24 22:05:12,APPROVED
869,2024-10-20 00:15:17,2024-10-20 00:17:17,APPROVED
870,2024-05-21 15:37:18,2024-05-21 16:00:18,APPROVED
871,2024-12-14 15:00:34,2024-12-14 15:40:34,APPROVED
872,2024-12-19 09:30:59,2024-12-19 10:16:59,APPROVED
874,2024-06-08 12:13:25,2024-06-08 12:53:25,APPROVED
875,2024-04-26 06:51:34,2024-04-26 07:41:34,APPROVED
876,2024-06-13 12:11:33,2024-06-13 12:58:33,APPROVED
878,2024-07-27 18:44:19,2024-07-27 19:14:19,APPROVED
880,2024-07-25 07:14:19,2024-07-25 08:03:19,APPROVED
883,2024-05-20 15:18:40,2024-05-20 15:45:40,APPROVED
884,2024-11-21 06:24:36,2024-11-21 07:14:36,APPROVED
885,2024-07-09 18:03:46,2024-07-09 18:22:46,APPROVED
886,2024-08-30 23:29:03,2024-08-31 00:24:03,FAILED
887,2024-03-24 10:03:03,2024-03-24 10:26:03,APPROVED
888,2024-05-25 02:09:57,2024-05-25 02:16:57,APPROVED
889,2024-10-19 09:20:11,2024-10-19 09:59:11,APPROVED
890,2024-12-12 08:14:36,2024-12-12 08:56:36,APPROVED
892,2024-03-09 02:18:12,2024-03-09 03:15:12,APPROVED
893,2024-04-24 10:13:21,2024-04-24 11:00:21,APPROVED
894,2024-08-04 14:52:25,2024-08-04 15:47:25,APPROVED
896,2024-11-15 16:03:35,2024-11-15 16:27:35,APPROVED
897,2024-09-18 16:10:31,2024-09-18 16:52:31,APPROVED
898,2024-11-07 11:35:31,2024-11-07 12:11:31,APPROVED
900,2024-05-21 11:58:29,2024-05-21 12:18:29,APPROVED
901,2024-04-06 07:40:31,2024-04-06 08:32:31,APPROVED
902,2024-11-03 16:00:45,2024-11-03 16:18:45,APPROVED
903,2024-01-15 01:39:44,2024-01-15 01:49:44,APPROVED
904,2024-08-02 16:40:51,2024-08-02 17:39:51,APPROVED
905,2024-10-25 23:30:38,2024-10-25 23:32:38,APPROVED
906,2024-12-17 20:06:55,2024-12-17 20:19:55,PENDING
907,2024-09-16 13:06:47,2024-09-16 13:09:47,APPROVED
908,2024-04-02 12:19:46,2024-04-02 13:07:46,APPROVED
909,2024-05-12 21:59:13,2024-05-12 22:22:13,APPROVED
912,2024-10-26 12:33:21,2024-10-26 12:52:21,PENDING
913,2024-01-28 23:33:51,2024-01-28 23:54:51,FAILED
916,2024-01-28 06:25:22,2024-01-28 07:17:22,PENDING
918,2024-04-02 04:35:32,2024-04-02 05:06:32,APPROVED
919,2024-06-10 01:47:05,2024-06-10 02:00:05,APPROVED
921,2024-09-07 05:31:19,2024-09-07 06:08:19,FAILED
922,2024-11-20 16:26:03,2024-11-20 16:58:03,APPROVED
924,2024-07-10 02:00:45,2024-07-10 02:50:45,PENDING
925,2024-01-10 00:52:00,2024-01-10 01:19:00,FAILED
926,2024-04-25 15:21:14,2024-04-25 15:50:14,APPROVED
927,2024-07-15 20:21:33,2024-07-15 21:00:33,APPROVED
928,2024-02-03 02:43:52,2024-02-03 03:08:52,APPROVED
929,2024-09-23 23:17:47,2024-09-24 00:17:47,APPROVED
930,2024-12-17 05:56:16,2024-12-17 06:17:16,APPROVED
931,2024-04-06 07:06:11,2024-04-06 07:26:11,APPROVED
932,2024-04-24 06:15:37,2024-04-24 06:28:37,APPROVED
933,2024-10-28 21:04:23,2024-10-28 21:11:23,APPROVED
935,2024-09-30 23:03:15,2024-09-30 23:41:15,APPROVED
936,2024-12-04 05:27:10,2024-12-04 05:54:10,APPROVED
937,2024-12-19 06:06:56,2024-12-19 06:15:56,APPROVED
938,2024-03-04 22:08:33,2024-03-04 22:40:33,APPROVED
939,2024-04-15 23:47:56,2024-04-16 00:16:56,APPROVED
940,2024-12-04 04:29:35,2024-12-04 04:52:35,PENDING
941,2024-11-15 00:09:01,2024-11-15 00:50:01,APPROVED
942,2024-02-23 18:51:34,2024-02-23 19:00:34,FAILED
944,2024-11-07 09:04:21,2024-11-07 09:24:21,FAILED
945,2024-07-02 16:03:07,2024-07-02 16:31:07,APPROVED
946,2024-10-07 19:04:18,2024-10-07 19:28:18,APPROVED
947,2024-06-18 09:13:17,2024-06-18 09:49:17,APPROVED
948,2024-02-26 23:34:15,2024-02-26 23:53:15,APPROVED
949,2024-02-16 21:07:50,2024-02-16 22:06:50,FAILED
950,2024-05-12 00:11:34,2024-05-12 00:17:34,APPROVED
952,2024-01-21 12:41:45,2024-01-21 13:29:45,APPROVED
953,2024-08-06 05:57:11,2024-08-06 06:00:11,APPROVED
954,2024-03-12 02:18:49,2024-03-12 02:25:49,FAILED
955,2024-08-13 00:04:21,2024-08-13 00:22:21,PENDING
957,2024-07-23 18:47:19,2024-07-23 19:19:19,APPROVED
958,2024-08-04 01:39:25,2024-08-04 01:52:25,APPROVED
959,2024-12-22 03:15:06,2024-12-22 04:00:06,APPROVED
960,2024-10-29 18:46:25,2024-10-29 19:30:25,APPROVED
961,2024-04-03 00:20:27,2024-04-03 00:42:27,APPROVED
962,2024-01-15 05:44:25,2024-01-15 06:25:25,APPROVED
963,2024-07-29 17:53:41,2024-07-29 18:35:41,APPROVED
965,2024-10-22 22:46:17,2024-10-22 23:16:17,APPROVED
966,2024-09-22 21:08:44,2024-09-22 21:20:44,APPROVED
967,2024-02-18 17:06:34,2024-02-18 17:13:34,APPROVED
968,2024-09-03 14:38:18,2024-09-03 15:13:18,APPROVED
969,2024-03-17 21:44:43,2024-03-17 21:47:43,APPROVED
970,2024-11-25 07:22:48,2024-11-25 07:50:48,PENDING
971,2024-03-25 04:09:32,2024-03-25 04:26:32,APPROVED
972,2024-06-18 12:25:38,2024-06-18 12:34:38,APPROVED
973,2024-10-09 00:00:20,2024-10-09 00:57:20,APPROVED
975,2024-02-15 19:29:53,2024-02-15 20:28:53,APPROVED
976,2024-09-12 01:41:18,2024-09-12 02:39:18,APPROVED
977,2024-07-30 03:12:16,2024-07-30 03:48:16,APPROVED
978,2024-02-16 23:12:54,2024-02-17 00:06:54,PENDING
979,2024-09-17 22:05:26,2024-09-17 22:07:26,APPROVED
980,2024-06-23 15:15:44,2024-06-23 16:15:44,APPROVED
982,2024-12-02 14:27:37,2024-12-02 14:37:37,APPROVED
983,2024-02-20 01:43:24,2024-02-20 02:11:24,PENDING
984,2024-07-01 00:45:15,2024-07-01 01:17:15,APPROVED
987,2024-04-10 07:54:41,2024-04-10 08:50:41,PENDING
989,2024-07-31 03:11:34,2024-07-31 03:33:34,APPROVED
990,2024-03-04 17:30:08,2024-03-04 18:01:08,APPROVED
991,2024-09-15 06:14:07,2024-09-15 06:48:07,APPROVED
992,2024-01-25 21:27:32,2024-01-25 21:44:32,APPROVED
994,2024-03-06 04:46:13,2024-03-06 05:43:13,APPROVED
995,2024-11-06 13:06:04,2024-11-06 13:24:04,FAILED
996,2024-11-07 11:15:17,2024-11-07 11:51:17,APPROVED
997,2024-05-30 18:04:15,2024-05-30 18:57:15,APPROVED
998,2024-11-04 20:25:07,2024-11-04 21:12:07,PENDING
999,2024-06-09 20:58:19,2024-06-09 21:06:19,APPROVED
1000,2024-04-18 01:22:30,2024-04-18 01:31:30,APPROVED
1001,2024-12-10 06:08:49,2024-12-10 07:00:49,APPROVED
1002,2024-09-14 20:21:05,2024-09-14 20:52:05,FAILED
1003,2024-12-29 05:16:06,2024-12-29 05:36:06,APPROVED
1004,2024-10-25 22:32:34,2024-10-25 22:51:34,APPROVED
1005,2024-12-11 19:44:19,2024-12-11 20:00:19,FAILED
1006,2024-09-24 06:14:35,2024-09-24 06:26:35,APPROVED
1007,2024-01-28 03:31:39,2024-01-28 03:42:39,APPROVED
1008,2024-05-26 11:11:21,2024-05-26 11:37:21,APPROVED
1009,2024-04-14 21:20:12,2024-04-14 21:31:12,APPROVED
1010,2024-02-23 01:08:54,2024-02-23 01:43:54,APPROVED
1013,2024-07-14 15:37:37,2024-07-14 16:20:37,APPROVED
1014,2024-10-09 03:02:31,2024-10-09 03:04:31,APPROVED
1015,2024-04-13 23:23:38,2024-04-13 23:34:38,APPROVED
1016,2024-10-28 21:15:05,2024-10-28 21:39:05,APPROVED
1018,2024-04-05 08:59:39,2024-04-05 09:34:39,FAILED
1019,2024-07-12 02:48:46,2024-07-12 03:30:46,APPROVED
1020,2024-05-15 06:02:08,2024-05-15 06:58:08,APPROVED
1021,2024-01-03 14:11:07,2024-01-03 14:46:07,APPROVED
1022,2024-01-21 07:51:46,2024-01-21 08:47:46,APPROVED
1023,2024-11-17 00:16:49,2024-11-17 00:35:49,APPROVED
1024,2024-10-20 20:27:50,2024-10-20 21:26:50,PENDING
1025,2024-09-26 08:40:30,2024-09-26 09:19:30,FAILED
1026,2024-09-15 07:40:09,2024-09-15 07:45:09,APPROVED
1027,2024-07-25 04:34:51,2024-07-25 04:41:51,APPROVED
1028,2024-12-05 13:50:00,2024-12-05 14:11:00,APPROVED
1030,2024-11-28 01:17:13,2024-11-28 01:56:13,FAILED
1032,2024-05-04 03:02:06,2024-05-04 03:44:06,APPROVED
1033,2024-02-28 16:02:57,2024-02-28 16:23:57,APPROVED
1034,2024-01-13 20:27:06,2024-01-13 21:01:06,APPROVED
1037,2024-10-02 20:09:48,2024-10-02 20:59:48,APPROVED
1039,2024-02-23 08:41:05,2024-02-23 08:55:05,FAILED
1040,2024-11-27 03:35:32,2024-11-27 03:57:32,FAILED
1041,2024-01-13 18:50:11,2024-01-13 19:05:11,APPROVED
1042,2024-02-14 03:46:00,2024-02-14 04:38:00,APPROVED
1043,2024-10-12 04:27:52,2024-10-12 04:59:52,APPROVED
1044,2024-07-27 15:31:40,2024-07-27 15:49:40,APPROVED
1045,2024-08-09 12:35:11,2024-08-09 12:58:11,APPROVED
1046,2024-09-30 01:32:53,2024-09-30 02:10:53,APPROVED
1048,2024-07-02 20:33:27,2024-07-02 20:43:27,PENDING
1049,2024-11-06 03:40:58,2024-11-06 03:55:58,APPROVED
1050,2024-07-21 02:47:19,2024-07-21 03:16:19,FAILED
1051,2024-04-22 07:20:55,2024-04-22 07:35:55,APPROVED
1052,2024-05-31 23:59:05,2024-06-01 00:11:05,APPROVED
1053,2024-01-06 21:06:11,2024-01-06 21:57:11,APPROVED
1054,2024-01-22 01:45:59,2024-01-22 02:04:59,PENDING
1055,2024-10-02 21:26:05,2024-10-02 21:49:05,APPROVED
1056,2024-06-25 09:47:32,2024-06-25 09:57:32,FAILED
1057,2024-03-13 08:31:36,2024-03-13 08:42:36,FAILED
1058,2024-05-09 07:57:30,2024-05-09 08:27:30,APPROVED
1059,2024-01-28 22:03:59,2024-01-28 22:38:59,FAILED
1060,2024-02-07 10:56:56,2024-02-07 11:53:56,FAILED
1062,2024-06-18 15:48:10,2024-06-18 16:03:10,APPROVED
1063,2024-02-21 11:22:53,2024-02-21 12:07:53,PENDING
1064,2024-06-11 18:27:22,2024-06-11 18:37:22,APPROVED
1065,2024-12-03 13:20:45,2024-12-03 13:25:45,FAILED
1066,2024-10-16 22:28:19,2024-10-16 22:57:19,PENDING
1068,2024-12-31 00:47:55,2024-12-31 01:07:55,APPROVED
1069,2024-03-09 13:08:18,2024-03-09 13:45:18,FAILED
1070,2024-07-02 13:52:18,2024-07-02 13:59:18,APPROVED
1072,2024-03-12 22:15:37,2024-03-12 22:34:37,APPROVED
1073,2024-02-08 02:15:41,2024-02-08 02:21:41,APPROVED
1074,2024-10-24 23:07:37,2024-10-24 23:56:37,FAILED
1075,2024-01-19 20:48:58,2024-01-19 20:50:58,APPROVED
1076,2024-08-30 00:48:29,2024-08-30 00:59:29,APPROVED
1077,2024-04-24 23:25:00,2024-04-24 23:56:00,APPROVED
1078,2024-08-25 19:57:43,2024-08-25 20:56:43,FAILED
1079,2024-07-05 18:50:00,2024-07-05 19:05:00,APPROVED
1080,2024-11-10 08:30:17,2024-11-10 08:34:17,FAILED
1081,2024-03-22 07:21:20,2024-03-22 07:37:20,APPROVED
1082,2024-09-04 13:53:48,2024-09-04 14:09:48,PENDING
1083,2024-04-28 04:37:19,2024-04-28 05:36:19,PENDING
1084,2024-01-22 09:52:42,2024-01-22 10:41:42,FAILED
1085,2024-08-28 17:33:11,2024-08-28 17:47:11,APPROVED
1086,2024-02-22 20:18:57,2024-02-22 20:52:57,PENDING
1087,2024-10-23 20:28:09,2024-10-23 20:37:09,PENDING
1088,2024-11-30 14:54:53,2024-11-30 15:22:53,APPROVED
1090,2024-07-26 14:24:55,2024-07-26 14:33:55,PENDING
1091,2024-11-05 01:35:24,2024-11-05 02:31:24,APPROVED
1092,2024-03-25 09:42:25,2024-03-25 10:38:25,APPROVED
1093,2024-04-18 07:40:12,2024-04-18 08:33:12,APPROVED
1094,2024-11-04 06:35:29,2024-11-04 06:57:29,APPROVED
1095,2024-06-18 04:40:35,2024-06-18 05:15:35,APPROVED
1096,2024-09-02 09:50:17,2024-09-02 10:43:17,APPROVED
1097,2024-01-12 10:09:18,2024-01-12 11:03:18,APPROVED
1098,2024-10-30 07:15:59,2024-10-30 08:04:59,FAILED
1100,2024-05-12 07:15:17,2024-05-12 07:36:17,APPROVED
1101,2024-10-16 00:52:54,2024-10-16 00:55:54,FAILED
1102,2024-02-13 10:29:09,2024-02-13 11:26:09,APPROVED
1103,2024-09-03 08:08:36,2024-09-03 08:56:36,APPROVED
1104,2024-03-14 21:46:48,2024-03-14 21:53:48,APPROVED
1105,2024-05-15 07:35:23,2024-05-15 08:31:23,FAILED
1106,2024-08-21 00:04:08,2024-08-21 00:06:08,APPROVED
1107,2024-07-12 15:46:03,2024-07-12 16:30:03,APPROVED
1109,2024-03-17 23:49:45,2024-03-18 00:44:45,FAILED
1110,2024-11-10 23:53:18,2024-11-11 00:04:18,APPROVED
1111,2024-03-01 04:11:34,2024-03-01 05:09:34,APPROVED
1112,2024-11-04 21:24:05,2024-11-04 21:45:05,APPROVED
1114,2024-08-07 10:53:19,2024-08-07 11:12:19,FAILED
1115,2024-10-28 21:49:33,2024-10-28 22:28:33,APPROVED
1117,2024-11-02 20:19:47,2024-11-02 20:21:47,APPROVED
1118,2024-01-03 02:01:32,2024-01-03 02:23:32,APPROVED
1119,2024-09-23 02:35:42,2024-09-23 03:32:42,FAILED
1121,2024-03-20 16:07:46,2024-03-20 16:56:46,APPROVED
1122,2024-05-13 22:30:08,2024-05-13 22:43:08,APPROVED
1123,2024-11-09 11:36:58,2024-11-09 12:20:58,APPROVED
1124,2024-07-30 21:08:05,2024-07-30 22:00:05,APPROVED
1125,2024-07-08 21:30:21,2024-07-08 22:01:21,FAILED
1126,2024-06-06 23:43:53,2024-06-07 00:07:53,APPROVED
1131,2024-03-15 19:48:22,2024-03-15 19:51:22,APPROVED
1132,2024-02-02 10:32:43,2024-02-02 11:10:43,FAILED
1133,2024-11-07 03:28:28,2024-11-07 03:44:28,APPROVED
1135,2024-01-30 06:59:53,2024-01-30 07:41:53,APPROVED
1138,2024-12-23 09:32:05,2024-12-23 09:59:05,APPROVED
1140,2024-02-14 10:54:47,2024-02-14 10:56:47,APPROVED
1141,2024-07-26 23:41:18,2024-07-27 00:22:18,APPROVED
1142,2024-12-26 03:41:53,2024-12-26 04:13:53,FAILED
1145,2024-10-21 01:16:09,2024-10-21 01:55:09,APPROVED
1146,2024-09-16 04:37:34,2024-09-16 04:47:34,FAILED
1147,2024-05-30 14:41:40,2024-05-30 14:52:40,APPROVED
1148,2024-10-02 21:19:52,2024-10-02 22:01:52,APPROVED
1149,2024-07-12 21:58:15,2024-07-12 22:30:15,APPROVED
1150,2024-08-22 19:19:27,2024-08-22 20:00:27,APPROVED
1154,2024-05-07 11:23:35,2024-05-07 12:21:35,APPROVED
1155,2024-02-08 21:16:26,2024-02-08 21:51:26,APPROVED
1158,2024-04-30 11:35:46,2024-04-30 12:21:46,PENDING
1159,2024-04-13 11:29:28,2024-04-13 11:48:28,FAILED
1160,2024-02-24 06:29:52,2024-02-24 06:52:52,APPROVED
1161,2024-11-10 00:54:28,2024-11-10 01:41:28,FAILED
1162,2024-07-10 00:07:52,2024-07-10 00:51:52,APPROVED
1164,2024-07-22 10:29:10,2024-07-22 11:07:10,APPROVED
1165,2024-09-26 16:34:26,2024-09-26 17:14:26,APPROVED
1168,2024-06-10 02:56:23,2024-06-10 03:36:23,APPROVED
1169,2024-07-13 23:24:13,2024-07-14 00:16:13,APPROVED
1170,2024-11-09 11:19:19,2024-11-09 12:13:19,FAILED
1171,2024-05-01 10:24:31,2024-05-01 10:39:31,APPROVED
1172,2024-07-06 08:00:45,2024-07-06 08:53:45,APPROVED
1173,2024-08-02 16:20:19,2024-08-02 17:05:19,APPROVED
1175,2024-12-17 09:34:18,2024-12-17 10:05:18,APPROVED
1176,2024-04-30 21:34:09,2024-04-30 22:11:09,FAILED
1177,2024-03-15 07:28:41,2024-03-15 07:52:41,FAILED
1179,2024-09-30 13:57:43,2024-09-30 14:52:43,PENDING
1180,2024-10-14 22:37:27,2024-10-14 22:44:27,APPROVED
1181,2024-12-19 08:09:49,2024-12-19 08:35:49,APPROVED
1182,2024-09-01 01:15:57,2024-09-01 01:45:57,FAILED
1183,2024-05-13 13:38:32,2024-05-13 13:52:32,APPROVED
1184,2024-05-11 13:58:47,2024-05-11 14:48:47,APPROVED
1185,2024-06-28 23:12:54,2024-06-28 23:19:54,APPROVED
1186,2024-11-29 02:29:02,2024-11-29 02:47:02,APPROVED
1187,2024-06-30 13:07:10,2024-06-30 13:15:10,FAILED
1190,2024-08-03 23:24:02,2024-08-03 23:41:02,APPROVED
1191,2024-02-06 03:43:49,2024-02-06 04:38:49,APPROVED
1192,2024-06-09 13:56:13,2024-06-09 14:49:13,APPROVED
1194,2024-07-04 22:51:08,2024-07-04 23:28:08,APPROVED
1195,2024-03-26 08:19:42,2024-03-26 08:58:42,APPROVED
1197,2024-04-17 07:41:37,2024-04-17 08:34:37,FAILED
1199,2024-07-22 19:39:39,2024-07-22 20:25:39,APPROVED
1200,2024-11-12 07:37:12,2024-11-12 08:16:12,APPROVED
1202,2024-08-15 00:34:34,2024-08-15 00:56:34,APPROVED
1203,2024-03-28 02:53:24,2024-03-28 03:39:24,APPROVED
1204,2024-06-15 18:53:10,2024-06-15 19:48:10,APPROVED
1205,2024-10-07 16:56:46,2024-10-07 17:08:46,APPROVED
1206,2024-03-31 23:01:41,2024-03-31 23:33:41,FAILED
1207,2024-08-10 21:24:30,2024-08-10 21:43:30,APPROVED
1208,2024-06-07 14:46:24,2024-06-07 15:19:24,APPROVED
1210,2024-05-13 07:43:10,2024-05-13 08:28:10,APPROVED
1212,2024-09-30 02:00:10,2024-09-30 02:39:10,APPROVED
1213,2024-06-02 02:40:57,2024-06-02 03:04:57,APPROVED
1214,2024-04-28 01:32:46,2024-04-28 02:00:46,APPROVED
1216,2024-03-24 23:51:11,2024-03-25 00:34:11,PENDING
1217,2024-05-14 04:11:02,2024-05-14 04:49:02,APPROVED
1218,2024-09-22 00:45:35,2024-09-22 01:17:35,APPROVED
1219,2024-05-26 00:10:34,2024-05-26 00:57:34,APPROVED
1220,2024-07-30 07:52:41,2024-07-30 08:06:41,APPROVED
1222,2024-08-19 10:33:29,2024-08-19 11:08:29,APPROVED
1224,2024-09-30 01:17:20,2024-09-30 01:52:20,APPROVED
1225,2024-05-17 06:53:09,2024-05-17 07:31:09,APPROVED
1226,2024-04-29 04:53:02,2024-04-29 05:26:02,APPROVED
1227,2024-04-21 14:21:55,2024-04-21 15:21:55,APPROVED
1229,2024-02-11 07:25:08,2024-02-11 07:36:08,FAILED
1230,2024-02-06 21:39:37,2024-02-06 22:37:37,PENDING
1232,2024-07-16 16:42:39,2024-07-16 17:21:39,APPROVED
1233,2024-04-11 17:42:42,2024-04-11 18:23:42,PENDING
1234,2024-12-06 10:26:21,2024-12-06 10:52:21,FAILED
1235,2024-06-14 07:17:29,2024-06-14 07:34:29,APPROVED
1236,2024-10-08 21:36:58,2024-10-08 22:03:58,APPROVED
1237,2024-11-22 13:43:46,2024-11-22 14:43:46,APPROVED
1238,2024-12-07 09:44:45,2024-12-07 09:51:45,APPROVED
1239,2024-06-15 02:40:54,2024-06-15 03:16:54,APPROVED
1240,2024-03-02 15:52:39,2024-03-02 16:02:39,APPROVED
1241,2024-10-24 18:59:14,2024-10-24 19:25:14,APPROVED
1242,2024-07-09 04:28:28,2024-07-09 05:09:28,APPROVED
1243,2024-02-17 01:05:27,2024-02-17 01:50:27,APPROVED
1244,2024-01-31 13:15:38,2024-01-31 13:36:38,FAILED
1245,2024-02-24 06:38:52,2024-02-24 07:00:52,APPROVED
1248,2024-05-08 03:19:15,2024-05-08 04:08:15,APPROVED
1249,2024-10-13 12:50:48,2024-10-13 12:54:48,PENDING
1251,2024-06-14 18:16:13,2024-06-14 18:31:13,APPROVED
1253,2024-05-31 11:02:17,2024-05-31 11:04:17,PENDING
1254,2024-01-02 00:39:47,2024-01-02 01:05:47,FAILED
1255,2024-01-10 23:51:49,2024-01-11 00:02:49,APPROVED
1257,2024-04-07 21:41:50,2024-04-07 22:23:50,APPROVED
1258,2024-03-19 23:40:12,2024-03-20 00:08:12,APPROVED
1259,2024-11-24 14:02:28,2024-11-24 15:01:28,APPROVED
1260,2024-12-03 04:07:39,2024-12-03 04:53:39,APPROVED
1261,2024-01-17 09:23:26,2024-01-17 09:39:26,APPROVED
1263,2024-12-02 18:28:13,2024-12-02 19:17:13,APPROVED
1264,2024-05-11 03:28:13,2024-05-11 04:04:13,APPROVED
1265,2024-02-06 01:05:35,2024-02-06 01:32:35,FAILED
1266,2024-02-10 18:16:29,2024-02-10 18:30:29,APPROVED
1268,2024-11-11 09:56:40,2024-11-11 10:51:40,APPROVED
1269,2024-06-04 04:10:15,2024-06-04 04:39:15,APPROVED
1270,2024-02-21 10:17:39,2024-02-21 10:21:39,APPROVED
1271,2024-04-08 20:59:29,2024-04-08 21:21:29,APPROVED
1272,2024-11-16 07:17:48,2024-11-16 08:17:48,APPROVED
1273,2024-07-31 05:43:29,2024-07-31 06:09:29,APPROVED
1274,2024-12-11 18:12:05,2024-12-11 18:26:05,APPROVED
1276,2024-09-15 13:14:18,2024-09-15 13:51:18,APPROVED
1277,2024-11-03 18:00:46,2024-11-03 18:06:46,APPROVED
1278,2024-06-15 15:49:02,2024-06-15 16:11:02,APPROVED
1279,2024-06-14 22:21:05,2024-06-14 22:47:05,APPROVED
1280,2024-04-19 14:24:20,2024-04-19 15:20:20,APPROVED
1281,2024-07-03 17:12:17,2024-07-03 17:55:17,FAILED
1282,2024-01-18 11:39:27,2024-01-18 12:24:27,APPROVED
1283,2024-03-10 12:54:22,2024-03-10 13:35:22,APPROVED
1287,2024-03-20 05:48:21,2024-03-20 06:14:21,PENDING
1288,2024-05-07 09:52:59,2024-05-07 10:45:59,APPROVED
1289,2024-10-19 16:14:22,2024-10-19 17:10:22,APPROVED
1290,2024-06-15 18:59:06,2024-06-15 19:26:06,APPROVED
1291,2024-02-18 23:21:18,2024-02-18 23:52:18,APPROVED
1292,2024-10-22 15:31:30,2024-10-22 15:46:30,APPROVED
1293,2024-06-27 18:21:45,2024-06-27 19:09:45,APPROVED
1294,2024-12-01 00:48:44,2024-12-01 01:38:44,FAILED
1295,2024-01-28 11:48:48,2024-01-28 12:20:48,APPROVED
1298,2024-08-16 22:39:05,2024-08-16 23:02:05,APPROVED
1300,2024-03-08 13:14:22,2024-03-08 13:40:22,APPROVED
1301,2024-01-26 22:28:27,2024-01-26 22:39:27,APPROVED
1302,2024-07-23 20:05:14,2024-07-23 20:27:14,APPROVED
1303,2024-03-10 18:46:35,2024-03-10 19:08:35,APPROVED
1304,2024-07-22 02:15:51,2024-07-22 02:19:51,APPROVED
1305,2024-11-11 21:06:14,2024-11-11 22:03:14,APPROVED
1307,2024-02-15 05:25:49,2024-02-15 05:46:49,FAILED
1308,2024-07-06 15:39:53,2024-07-06 16:34:53,APPROVED
1309,2024-11-01 00:20:45,2024-11-01 01:13:45,APPROVED
1310,2024-06-28 22:56:09,2024-06-28 23:32:09,PENDING
1311,2024-08-13 03:19:02,2024-08-13 04:05:02,PENDING
1312,2024-03-20 04:24:27,2024-03-20 05:08:27,PENDING
1313,2024-05-04 23:05:36,2024-05-05 00:03:36,APPROVED
1314,2024-06-24 05:34:05,2024-06-24 06:20:05,PENDING
1315,2024-01-12 13:01:59,2024-01-12 13:31:59,FAILED
1317,2024-10-07 19:00:11,2024-10-07 19:07:11,FAILED
1318,2024-12-21 02:20:10,2024-12-21 02:47:10,PENDING
1319,2024-01-23 11:48:03,2024-01-23 12:02:03,PENDING
1320,2024-04-13 01:00:57,2024-04-13 01:07:57,APPROVED
1323,2024-11-28 14:52:22,2024-11-28 15:06:22,APPROVED
1325,2024-09-29 05:14:17,2024-09-29 05:26:17,APPROVED
1326,2024-08-22 21:44:50,2024-08-22 22:07:50,APPROVED
1327,2024-05-06 21:34:31,2024-05-06 21:41:31,APPROVED
1329,2024-07-01 00:16:50,2024-07-01 00:42:50,APPROVED
1330,2024-05-21 04:11:27,2024-05-21 04:30:27,APPROVED
1331,2024-01-16 22:49:17,2024-01-16 23:18:17,APPROVED
1332,2024-06-23 15:56:11,2024-06-23 16:10:11,APPROVED
1333,2024-07-14 21:26:31,2024-07-14 21:33:31,FAILED
1334,2024-08-01 10:00:04,2024-08-01 10:03:04,FAILED
1335,2024-06-08 22:36:26,2024-06-08 23:01:26,APPROVED
1336,2024-03-08 09:42:40,2024-03-08 09:48:40,APPROVED
1337,2024-10-04 09:37:57,2024-10-04 09:43:57,APPROVED
1339,2024-03-21 12:13:34,2024-03-21 12:54:34,APPROVED
1341,2024-06-12 15:32:29,2024-06-12 15:34:29,APPROVED
1342,2024-11-22 10:27:07,2024-11-22 10:53:07,APPROVED
1343,2024-03-08 08:49:35,2024-03-08 09:22:35,APPROVED
1344,2024-05-16 23:41:57,2024-05-17 00:38:57,FAILED
1345,2024-11-01 09:27:12,2024-11-01 09:41:12,APPROVED
1347,2024-09-14 23:15:00,2024-09-14 23:28:00,FAILED
1348,2024-04-04 15:47:25,2024-04-04 16:42:25,APPROVED
1349,2024-03-24 08:07:10,2024-03-24 08:36:10,APPROVED
1350,2024-01-08 11:33:30,2024-01-08 12:31:30,PENDING
1351,2024-04-14 03:25:28,2024-04-14 03:31:28,APPROVED
1352,2024-09-07 13:42:44,2024-09-07 14:11:44,APPROVED
1353,2024-07-26 03:57:22,2024-07-26 04:42:22,APPROVED
1355,2024-10-31 20:23:15,2024-10-31 21:01:15,APPROVED
1356,2024-09-23 06:15:48,2024-09-23 06:47:48,APPROVED
1357,2024-05-05 21:05:07,2024-05-05 21:19:07,APPROVED
1358,2024-10-12 15:55:17,2024-10-12 16:53:17,APPROVED
1361,2024-11-09 03:03:09,2024-11-09 03:31:09,PENDING
1362,2024-08-26 02:18:25,2024-08-26 03:00:25,APPROVED
1363,2024-02-27 08:29:42,2024-02-27 09:28:42,APPROVED
1364,2024-03-10 14:37:40,2024-03-10 15:04:40,APPROVED
1365,2024-01-13 07:38:45,2024-01-13 07:50:45,APPROVED
1367,2024-03-04 04:56:12,2024-03-04 05:44:12,APPROVED
1368,2024-11-20 15:37:51,2024-11-20 15:42:51,APPROVED
1369,2024-09-19 00:00:05,2024-09-19 00:20:05,APPROVED
1370,2024-07-13 03:05:54,2024-07-13 03:38:54,APPROVED
1371,2024-12-03 06:22:52,2024-12-03 07:07:52,APPROVED
1372,2024-12-30 03:12:05,2024-12-30 03:35:05,APPROVED
1373,2024-08-16 12:43:51,2024-08-16 13:15:51,APPROVED
1374,2024-03-08 08:36:08,2024-03-08 09:22:08,APPROVED
1375,2024-01-07 19:02:55,2024-01-07 19:34:55,FAILED
1376,2024-01-04 00:19:09,2024-01-04 00:33:09,PENDING
1379,2024-10-07 12:34:32,2024-10-07 13:28:32,APPROVED
1380,2024-04-16 03:53:51,2024-04-16 04:51:51,APPROVED
1381,2024-11-30 14:34:26,2024-11-30 15:07:26,APPROVED
1382,2024-12-07 22:51:51,2024-12-07 23:17:51,FAILED
1383,2024-02-14 02:56:06,2024-02-14 03:52:06,FAILED
1384,2024-03-23 11:22:14,2024-03-23 11:46:14,FAILED
1385,2024-10-20 21:23:05,2024-10-20 21:56:05,PENDING
1386,2024-07-03 03:41:17,2024-07-03 04:24:17,APPROVED
1387,2024-07-07 16:04:48,2024-07-07 16:09:48,APPROVED
1388,2024-02-03 12:07:42,2024-02-03 12:59:42,APPROVED
1389,2024-12-21 11:32:28,2024-12-21 11:47:28,APPROVED
1390,2024-09-25 09:18:24,2024-09-25 09:25:24,APPROVED
1391,2024-01-30 05:01:46,2024-01-30 05:38:46,APPROVED
1392,2024-02-14 18:37:34,2024-02-14 19:08:34,APPROVED
1393,2024-12-27 12:17:22,2024-12-27 12:27:22,APPROVED
1395,2024-03-08 00:36:56,2024-03-08 01:24:56,APPROVED
1396,2024-11-19 19:30:19,2024-11-19 19:43:19,APPROVED
1397,2024-04-29 11:23:34,2024-04-29 12:01:34,FAILED
1398,2024-01-13 19:04:33,2024-01-13 19:51:33,APPROVED
1399,2024-11-11 15:28:46,2024-11-11 16:03:46,APPROVED
1400,2024-06-28 21:20:14,2024-06-28 21:43:14,APPROVED
1401,2024-11-23 08:38:30,2024-11-23 08:43:30,APPROVED
1402,2024-02-04 12:53:20,2024-02-04 13:47:20,APPROVED
1403,2024-06-14 02:20:23,2024-06-14 02:38:23,APPROVED
1404,2024-06-23 15:20:10,2024-06-23 16:03:10,FAILED
1405,2024-01-15 08:08:40,2024-01-15 08:24:40,PENDING
1407,2024-09-03 07:41:26,2024-09-03 08:23:26,APPROVED
1408,2024-06-20 17:47:16,2024-06-20 18:31:16,APPROVED
1409,2024-09-23 12:18:55,2024-09-23 12:22:55,APPROVED
1410,2024-10-11 19:46:39,2024-10-11 20:25:39,FAILED
1411,2024-12-16 13:30:39,2024-12-16 13:41:39,APPROVED
1412,2024-05-23 02:35:05,2024-05-23 03:12:05,APPROVED
1413,2024-03-25 23:03:19,2024-03-25 23:21:19,APPROVED
1414,2024-10-31 06:00:15,2024-10-31 06:20:15,APPROVED
1415,2024-12-29 03:34:05,2024-12-29 04:01:05,APPROVED
1416,2024-09-11 10:44:08,2024-09-11 11:41:08,APPROVED
1417,2024-04-20 21:46:05,2024-04-20 22:32:05,APPROVED
1418,2024-07-10 03:18:41,2024-07-10 03:23:41,APPROVED
1420,2024-04-07 13:01:59,2024-04-07 13:16:59,FAILED
1421,2024-06-07 13:46:04,2024-06-07 14:12:04,APPROVED
1422,2024-12-12 05:41:55,2024-12-12 06:41:55,APPROVED
1423,2024-08-23 15:55:41,2024-08-23 16:51:41,PENDING
1425,2024-02-14 12:54:04,2024-02-14 13:13:04,PENDING
1426,2024-09-24 00:49:34,2024-09-24 00:57:34,APPROVED
1428,2024-04-12 08:22:37,2024-04-12 09:05:37,APPROVED
1429,2024-06-12 17:24:37,2024-06-12 17:42:37,APPROVED
1431,2024-11-14 22:35:31,2024-11-14 23:27:31,APPROVED
1432,2024-10-04 13:35:16,2024-10-04 13:42:16,APPROVED
1433,2024-03-13 12:31:48,2024-03-13 12:50:48,APPROVED
1434,2024-02-06 13:24:12,2024-02-06 13:35:12,APPROVED
1435,2024-08-15 03:23:48,2024-08-15 03:52:48,FAILED
1436,2024-12-11 02:01:13,2024-12-11 02:45:13,APPROVED
1437,2024-02-14 17:26:37,2024-02-14 17:58:37,APPROVED
1438,2024-10-31 01:34:05,2024-10-31 01:48:05,APPROVED
1440,2024-12-31 21:02:24,2024-12-31 21:39:24,PENDING
1441,2024-03-08 05:17:58,2024-03-08 05:22:58,APPROVED
1442,2024-08-21 12:47:03,2024-08-21 13:23:03,APPROVED
1443,2024-08-28 10:04:08,2024-08-28 10:15:08,APPROVED
1444,2024-05-12 14:36:58,2024-05-12 15:01:58,APPROVED
1445,2024-06-15 18:20:12,2024-06-15 19:10:12,FAILED
1446,2024-08-31 05:33:36,2024-08-31 05:40:36,APPROVED
1448,2024-03-06 20:53:37,2024-03-06 21:38:37,APPROVED
1451,2024-05-03 00:49:19,2024-05-03 01:38:19,APPROVED
1453,2024-12-21 22:38:59,2024-12-21 23:32:59,APPROVED
1454,2024-06-24 21:33:32,2024-06-24 21:41:32,APPROVED
1455,2024-12-05 03:52:09,2024-12-05 04:41:09,APPROVED
1456,2024-09-06 05:17:44,2024-09-06 06:05:44,FAILED
1457,2024-06-15 22:41:36,2024-06-15 23:35:36,APPROVED
1458,2024-06-06 17:15:28,2024-06-06 17:23:28,APPROVED
1459,2024-12-16 23:51:52,2024-12-17 00:41:52,APPROVED
1461,2024-10-24 23:55:39,2024-10-25 00:41:39,PENDING
1462,2024-08-19 20:17:32,2024-08-19 20:53:32,APPROVED
1464,2024-06-02 21:07:47,2024-06-02 21:22:47,APPROVED
1465,2024-06-25 04:22:03,2024-06-25 04:31:03,APPROVED
1466,2024-09-18 16:29:58,2024-09-18 16:50:58,APPROVED
1467,2024-07-08 21:39:03,2024-07-08 22:39:03,APPROVED
1468,2024-07-02 04:11:38,2024-07-02 04:44:38,APPROVED
1469,2024-08-10 00:01:13,2024-08-10 00:27:13,FAILED
1470,2024-12-30 15:48:13,2024-12-30 16:46:13,APPROVED
1472,2024-03-12 08:00:11,2024-03-12 08:50:11,PENDING
1473,2024-08-01 06:48:00,2024-08-01 07:36:00,FAILED
1474,2024-03-09 02:12:20,2024-03-09 02:35:20,APPROVED
1476,2024-02-13 06:54:45,2024-02-13 07:50:45,APPROVED
1477,2024-12-22 22:28:23,2024-12-22 23:07:23,FAILED
1478,2024-08-20 19:45:50,2024-08-20 20:19:50,APPROVED
1479,2024-07-15 14:46:10,2024-07-15 15:29:10,APPROVED
1480,2024-11-05 01:31:13,2024-11-05 01:44:13,PENDING
1481,2024-12-30 19:48:02,2024-12-30 20:11:02,APPROVED
1482,2024-10-22 15:21:39,2024-10-22 15:54:39,APPROVED
1483,2024-09-04 16:13:10,2024-09-04 16:26:10,FAILED
1484,2024-12-19 05:01:54,2024-12-19 05:46:54,APPROVED
1485,2024-05-23 19:15:40,2024-05-23 20:15:40,APPROVED
1486,2024-11-08 04:44:12,2024-11-08 05:22:12,APPROVED
1487,2024-12-17 00:02:18,2024-12-17 00:49:18,APPROVED
1488,2024-11-09 03:34:17,2024-11-09 04:06:17,APPROVED
1489,2024-08-28 17:29:51,2024-08-28 17:36:51,APPROVED
1490,2024-06-18 16:51:43,2024-06-18 17:51:43,APPROVED
1491,2024-03-26 01:51:10,2024-03-26 01:58:10,APPROVED
1492,2024-10-15 11:11:56,2024-10-15 11:36:56,APPROVED
1493,2024-10-23 08:19:21,2024-10-23 08:47:21,APPROVED
1494,2024-11-15 01:34:38,2024-11-15 02:23:38,APPROVED
1495,2024-03-05 18:34:29,2024-03-05 18:43:29,APPROVED
1496,2024-03-09 00:56:13,2024-03-09 01:49:13,APPROVED
1497,2024-01-08 05:31:41,2024-01-08 05:45:41,APPROVED
1498,2024-03-19 01:07:56,2024-03-19 01:44:56,APPROVED
1499,2024-05-13 10:57:58,2024-05-13 11:07:58,FAILED
1500,2024-01-17 14:27:57,2024-01-17 14:33:57,APPROVED
1501,2024-03-19 20:17:24,2024-03-19 20:42:24,PENDING
1502,2024-12-04 17:28:35,2024-12-04 17:32:35,FAILED
1503,2024-04-17 22:41:07,2024-04-17 23:06:07,APPROVED
1504,2024-11-24 10:54:34,2024-11-24 11:26:34,APPROVED
1505,2024-08-25 17:24:04,2024-08-25 18:14:04,APPROVED
1506,2024-09-29 10:47:26,2024-09-29 10:53:26,APPROVED
1507,2024-08-30 11:13:42,2024-08-30 12:12:42,FAILED
1508,2024-01-07 11:28:52,2024-01-07 11:47:52,APPROVED
1509,2024-09-28 04:20:36,2024-09-28 04:56:36,APPROVED
1511,2024-05-18 12:00:27,2024-05-18 12:46:27,APPROVED
1512,2024-07-19 19:00:18,2024-07-19 19:52:18,APPROVED
1513,2024-12-10 22:20:05,2024-12-10 22:56:05,APPROVED
1514,2024-12-12 07:29:02,2024-12-12 08:26:02,APPROVED
1516,2024-02-20 20:12:27,2024-02-20 20:33:27,APPROVED
1517,2024-06-28 09:21:19,2024-06-28 10:01:19,APPROVED
1518,2024-04-08 03:49:21,2024-04-08 03:59:21,FAILED
1519,2024-01-30 22:41:54,2024-01-30 23:28:54,APPROVED
1520,2024-11-22 06:29:03,2024-11-22 06:42:03,APPROVED
1521,2024-11-05 05:33:47,2024-11-05 06:13:47,FAILED
1523,2024-05-30 18:30:04,2024-05-30 19:17:04,APPROVED
1524,2024-05-21 16:44:45,2024-05-21 17:24:45,APPROVED
1525,2024-05-11 07:13:49,2024-05-11 07:15:49,APPROVED
1527,2024-05-15 07:44:41,2024-05-15 08:18:41,APPROVED
1529,2024-02-25 06:51:17,2024-02-25 07:20:17,APPROVED
1530,2024-11-11 01:19:23,2024-11-11 02:12:23,PENDING
1531,2024-02-22 02:36:09,2024-02-22 03:12:09,APPROVED
1532,2024-05-08 18:13:02,2024-05-08 18:28:02,APPROVED
1533,2024-12-01 00:10:50,2024-12-01 00:51:50,APPROVED
1534,2024-05-16 07:11:11,2024-05-16 07:51:11,APPROVED
1535,2024-10-21 01:19:05,2024-10-21 01:30:05,APPROVED
1536,2024-09-01 18:29:34,2024-09-01 19:23:34,APPROVED
1538,2024-03-03 22:06:09,2024-03-03 22:59:09,APPROVED
1539,2024-12-15 12:31:32,2024-12-15 13:02:32,APPROVED
1540,2024-07-06 20:44:54,2024-07-06 20:46:54,APPROVED
1542,2024-01-21 14:45:13,2024-01-21 15:41:13,APPROVED
1543,2024-12-22 16:39:11,2024-12-22 17:05:11,FAILED
1544,2024-09-06 03:46:23,2024-09-06 04:01:23,FAILED
1546,2024-05-02 19:13:44,2024-05-02 19:39:44,FAILED
1547,2024-11-25 11:50:14,2024-11-25 12:30:14,FAILED
1548,2024-01-09 02:02:55,2024-01-09 02:17:55,APPROVED
1549,2024-01-22 17:01:50,2024-01-22 17:17:50,APPROVED
1550,2024-08-22 20:51:08,2024-08-22 21:08:08,APPROVED
1551,2024-04-29 04:17:21,2024-04-29 04:55:21,APPROVED
1552,2024-09-08 01:22:19,2024-09-08 02:22:19,APPROVED
1553,2024-01-24 10:04:08,2024-01-24 11:04:08,PENDING
1554,2024-01-08 07:46:17,2024-01-08 08:29:17,APPROVED
1555,2024-02-19 17:42:33,2024-02-19 18:07:33,APPROVED
1557,2024-11-11 09:23:50,2024-11-11 09:30:50,APPROVED
1558,2024-06-21 16:42:12,2024-06-21 17:11:12,APPROVED
1559,2024-10-06 05:41:00,2024-10-06 06:16:00,APPROVED
1560,2024-10-30 08:26:54,2024-10-30 09:18:54,FAILED
1562,2024-10-10 07:17:27,2024-10-10 07:46:27,FAILED
1564,2024-07-11 06:06:37,2024-07-11 06:25:37,FAILED
1565,2024-01-04 01:38:46,2024-01-04 02:28:46,APPROVED
1567,2024-04-15 05:39:34,2024-04-15 06:30:34,APPROVED
1568,2024-08-18 15:45:05,2024-08-18 16:12:05,APPROVED
1569,2024-12-20 02:07:11,2024-12-20 03:04:11,APPROVED
1570,2024-11-09 04:39:17,2024-11-09 05:10:17,APPROVED
1571,2024-08-02 01:47:59,2024-08-02 02:37:59,APPROVED
1573,2024-10-03 20:34:44,2024-10-03 21:07:44,APPROVED
1574,2024-05-21 04:28:55,2024-05-21 05:03:55,APPROVED
1575,2024-12-16 19:12:22,2024-12-16 19:50:22,APPROVED
1576,2024-12-09 03:20:11,2024-12-09 03:32:11,APPROVED
1577,2024-05-25 08:43:51,2024-05-25 09:23:51,PENDING
1578,2024-11-11 17:34:54,2024-11-11 18:00:54,APPROVED
1579,2024-10-02 08:26:13,2024-10-02 08:29:13,APPROVED
1580,2024-09-20 06:57:32,2024-09-20 07:36:32,FAILED
1581,2024-10-30 22:43:30,2024-10-30 23:00:30,APPROVED
1582,2024-12-12 13:56:28,2024-12-12 14:23:28,APPROVED
1583,2024-04-26 04:52:13,2024-04-26 05:20:13,PENDING
1585,2024-10-26 18:46:12,2024-10-26 19:17:12,PENDING
1586,2024-04-21 00:28:19,2024-04-21 00:48:19,APPROVED
1587,2024-07-10 07:24:58,2024-07-10 08:20:58,APPROVED
1588,2024-11-19 14:25:21,2024-11-19 14:37:21,APPROVED
1589,2024-03-06 02:37:06,2024-03-06 02:42:06,APPROVED
1590,2024-05-23 06:34:11,2024-05-23 07:01:11,APPROVED
1591,2024-08-02 07:17:59,2024-08-02 07:42:59,APPROVED
1593,2024-10-22 20:44:30,2024-10-22 21:28:30,FAILED
1594,2024-09-24 18:49:42,2024-09-24 19:43:42,APPROVED
1595,2024-08-24 12:04:51,2024-08-24 12:23:51,APPROVED
1596,2024-05-06 10:08:23,2024-05-06 10:27:23,APPROVED
1597,2024-04-23 22:14:44,2024-04-23 22:28:44,APPROVED
1598,2024-08-01 02:52:36,2024-08-01 03:21:36,APPROVED
1599,2024-01-18 16:41:57,2024-01-18 16:53:57,FAILED
1600,2024-12-22 04:38:04,2024-12-22 05:09:04,PENDING
1601,2024-02-12 21:19:02,2024-02-12 22:03:02,APPROVED
1602,2024-04-21 06:21:54,2024-04-21 07:17:54,APPROVED
1605,2024-01-13 17:41:36,2024-01-13 18:16:36,APPROVED
1606,2024-04-04 15:47:11,2024-04-04 16:06:11,FAILED
1607,2024-11-17 02:57:26,2024-11-17 03:26:26,APPROVED
1608,2024-09-28 03:21:27,2024-09-28 03:48:27,APPROVED
1610,2024-12-16 04:59:51,2024-12-16 05:51:51,APPROVED
1613,2024-07-06 08:35:52,2024-07-06 09:02:52,APPROVED
1614,2024-10-14 08:57:12,2024-10-14 09:29:12,PENDING
1615,2024-10-03 06:56:04,2024-10-03 07:01:04,APPROVED
1616,2024-12-25 07:56:18,2024-12-25 08:19:18,PENDING
1617,2024-06-29 11:07:03,2024-06-29 11:34:03,APPROVED
1618,2024-05-21 03:29:58,2024-05-21 04:10:58,FAILED
1619,2024-08-19 19:14:10,2024-08-19 20:10:10,APPROVED
1620,2024-08-28 20:36:57,2024-08-28 21:12:57,APPROVED
1622,2024-04-06 17:33:14,2024-04-06 17:35:14,APPROVED
1625,2024-03-18 08:19:12,2024-03-18 08:31:12,FAILED
1627,2024-08-30 14:30:22,2024-08-30 14:44:22,FAILED
1629,2024-09-24 01:58:18,2024-09-24 02:33:18,APPROVED
1630,2024-06-25 01:23:31,2024-06-25 02:19:31,APPROVED
1631,2024-10-30 21:11:09,2024-10-30 21:51:09,APPROVED
1633,2024-05-13 10:02:24,2024-05-13 10:26:24,PENDING
1634,2024-01-25 07:02:03,2024-01-25 07:30:03,FAILED
1635,2024-03-27 00:12:25,2024-03-27 00:27:25,APPROVED
1636,2024-05-26 07:00:11,2024-05-26 07:39:11,FAILED
1637,2024-03-23 10:45:42,2024-03-23 10:51:42,APPROVED
1638,2024-10-21 06:33:17,2024-10-21 07:05:17,APPROVED
1639,2024-04-04 09:40:10,2024-04-04 10:17:10,APPROVED
1640,2024-12-06 13:23:22,2024-12-06 14:06:22,APPROVED
1641,2024-08-17 20:03:21,2024-08-17 20:07:21,FAILED
1642,2024-03-03 02:27:26,2024-03-03 02:58:26,APPROVED
1644,2024-09-16 14:31:41,2024-09-16 15:00:41,APPROVED
1646,2024-10-16 17:06:47,2024-10-16 18:03:47,FAILED
1650,2024-01-29 23:27:31,2024-01-30 00:27:31,APPROVED
1651,2024-09-26 09:33:16,2024-09-26 09:58:16,APPROVED
1652,2024-02-12 20:18:10,2024-02-12 20:50:10,FAILED
1654,2024-11-04 23:40:48,2024-11-05 00:36:48,APPROVED
1655,2024-07-22 07:09:11,2024-07-22 07:48:11,APPROVED
1656,2024-07-16 15:40:27,2024-07-16 16:33:27,APPROVED
1658,2024-04-20 18:10:24,2024-04-20 18:41:24,APPROVED
1659,2024-05-27 08:10:48,2024-05-27 08:16:48,APPROVED
1660,2024-03-13 00:20:42,2024-03-13 01:00:42,APPROVED
1661,2024-04-16 12:58:25,2024-04-16 13:16:25,APPROVED
1662,2024-02-03 23:03:21,2024-02-04 00:02:21,APPROVED
1663,2024-07-28 23:26:29,2024-07-28 23:42:29,PENDING
1664,2024-10-11 17:26:30,2024-10-11 17:32:30,FAILED
1666,2024-09-08 03:12:15,2024-09-08 04:04:15,FAILED
1667,2024-09-09 21:22:46,2024-09-09 21:55:46,PENDING
1668,2024-01-14 02:32:20,2024-01-14 02:41:20,FAILED
1669,2024-11-24 00:22:35,2024-11-24 00:35:35,APPROVED
1670,2024-08-01 08:02:50,2024-08-01 08:45:50,APPROVED
1671,2024-01-15 06:07:44,2024-01-15 06:55:44,APPROVED
1672,2024-11-02 14:18:16,2024-11-02 15:17:16,APPROVED
1673,2024-08-11 10:28:24,2024-08-11 10:49:24,PENDING
1674,2024-12-21 05:26:14,2024-12-21 06:23:14,APPROVED
1675,2024-01-09 11:25:58,2024-01-09 12:17:58,FAILED
1676,2024-03-15 12:52:21,2024-03-15 13:15:21,APPROVED
1677,2024-07-01 07:56:45,2024-07-01 08:05:45,APPROVED
1678,2024-08-03 01:45:54,2024-08-03 01:52:54,APPROVED
1679,2024-05-29 20:06:57,2024-05-29 20:54:57,APPROVED
1681,2024-03-26 20:40:45,2024-03-26 20:52:45,APPROVED
1682,2024-05-18 15:05:56,2024-05-18 15:47:56,APPROVED
1683,2024-06-29 06:38:57,2024-06-29 06:46:57,FAILED
1684,2024-05-24 14:29:51,2024-05-24 15:10:51,APPROVED
1685,2024-03-24 06:11:44,2024-03-24 06:27:44,FAILED
1686,2024-04-23 09:24:36,2024-04-23 09:55:36,APPROVED
1688,2024-08-23 03:49:53,2024-08-23 03:52:53,PENDING
1689,2024-09-02 15:02:40,2024-09-02 15:57:40,APPROVED
1690,2024-03-12 18:27:25,2024-03-12 18:35:25,APPROVED
1691,2024-03-29 12:18:35,2024-03-29 12:51:35,APPROVED
1692,2024-04-23 06:54:10,2024-04-23 07:47:10,APPROVED
1693,2024-06-06 06:07:49,2024-06-06 07:01:49,APPROVED
1694,2024-08-05 04:54:03,2024-08-05 05:38:03,PENDING
1695,2024-08-08 02:13:52,2024-08-08 02:32:52,APPROVED
1697,2024-03-01 10:27:42,2024-03-01 10:55:42,APPROVED
1699,2024-04-15 22:31:38,2024-04-15 23:06:38,APPROVED
1700,2024-01-15 04:20:18,2024-01-15 05:11:18,APPROVED
1701,2024-10-23 14:10:51,2024-10-23 15:03:51,APPROVED
1702,2024-11-09 10:23:16,2024-11-09 11:13:16,APPROVED
1703,2024-02-20 23:12:57,2024-02-21 00:09:57,APPROVED
1704,2024-04-08 11:08:43,2024-04-08 12:07:43,APPROVED
1706,2024-07-06 23:49:31,2024-07-06 23:54:31,APPROVED
1707,2024-04-02 15:32:07,2024-04-02 16:04:07,APPROVED
1708,2024-09-20 09:21:05,2024-09-20 09:33:05,APPROVED
1709,2024-03-04 18:35:46,2024-03-04 18:47:46,APPROVED
1711,2024-01-21 04:39:40,2024-01-21 05:26:40,APPROVED
1713,2024-12-17 17:47:50,2024-12-17 18:45:50,APPROVED
1714,2024-05-28 17:32:53,2024-05-28 18:09:53,APPROVED
1715,2024-12-13 14:31:41,2024-12-13 15:25:41,APPROVED
1717,2024-12-03 04:19:41,2024-12-03 05:00:41,FAILED
1718,2024-07-24 23:19:05,2024-07-24 23:52:05,APPROVED
1719,2024-02-03 14:29:32,2024-02-03 15:15:32,APPROVED
1720,2024-10-31 16:55:10,2024-10-31 17:12:10,APPROVED
1721,2024-09-12 12:02:25,2024-09-12 12:08:25,APPROVED
1722,2024-05-19 23:59:28,2024-05-20 00:37:28,APPROVED
1723,2024-12-07 22:11:38,2024-12-07 22:39:38,APPROVED
1724,2024-05-22 06:58:56,2024-05-22 07:50:56,APPROVED
1725,2024-05-08 19:26:58,2024-05-08 20:11:58,APPROVED
1726,2024-01-16 05:03:35,2024-01-16 05:29:35,APPROVED
1729,2024-11-15 04:51:26,2024-11-15 05:03:26,APPROVED
1730,2024-09-09 18:14:02,2024-09-09 18:34:02,APPROVED
1731,2024-09-08 19:21:44,2024-09-08 19:34:44,APPROVED
1732,2024-10-03 20:58:06,2024-10-03 21:37:06,APPROVED
1733,2024-03-01 15:46:03,2024-03-01 16:43:03,APPROVED
1734,2024-08-14 18:15:08,2024-08-14 18:31:08,APPROVED
1735,2024-10-12 12:59:00,2024-10-12 13:25:00,APPROVED
1736,2024-08-08 05:49:47,2024-08-08 05:58:47,APPROVED
1737,2024-09-06 04:54:56,2024-09-06 05:51:56,APPROVED
1738,2024-12-03 21:10:45,2024-12-03 21:48:45,PENDING
1739,2024-08-28 20:05:38,2024-08-28 20:22:38,FAILED
1741,2024-07-12 23:55:43,2024-07-13 00:37:43,APPROVED
1743,2024-03-06 15:03:26,2024-03-06 15:41:26,APPROVED
1744,2024-01-14 23:41:40,2024-01-15 00:29:40,FAILED
1745,2024-08-07 13:55:58,2024-08-07 14:37:58,APPROVED
1746,2024-01-29 10:22:31,2024-01-29 10:30:31,APPROVED
1747,2024-10-30 04:12:33,2024-10-30 05:08:33,APPROVED
1748,2024-02-28 13:41:29,2024-02-28 13:57:29,APPROVED
1749,2024-06-15 03:23:39,2024-06-15 04:22:39,APPROVED
1750,2024-10-17 19:44:30,2024-10-17 20:20:30,PENDING
1752,2024-07-12 23:10:57,2024-07-12 23:25:57,APPROVED
1753,2024-02-20 19:23:50,2024-02-20 19:51:50,APPROVED
1755,2024-03-26 23:04:06,2024-03-26 23:45:06,APPROVED
1756,2024-04-13 20:36:36,2024-04-13 21:18:36,PENDING
1757,2024-04-19 12:12:44,2024-04-19 12:24:44,APPROVED
1759,2024-10-23 05:38:56,2024-10-23 06:01:56,APPROVED
1761,2024-04-17 13:56:43,2024-04-17 14:46:43,APPROVED
1762,2024-09-15 12:22:09,2024-09-15 13:00:09,APPROVED
1763,2024-06-09 08:03:04,2024-06-09 08:52:04,APPROVED
1764,2024-11-15 19:59:50,2024-11-15 20:19:50,APPROVED
1765,2024-04-02 01:04:38,2024-04-02 01:13:38,APPROVED
1766,2024-04-05 23:21:08,2024-04-06 00:11:08,APPROVED
1767,2024-05-18 01:14:34,2024-05-18 02:13:34,APPROVED
1768,2024-10-17 00:13:10,2024-10-17 00:26:10,APPROVED
1769,2024-07-05 17:22:19,2024-07-05 17:37:19,APPROVED
1770,2024-12-16 13:12:57,2024-12-16 13:24:57,APPROVED
1773,2024-04-30 16:32:37,2024-04-30 17:30:37,APPROVED
1774,2024-04-08 02:56:31,2024-04-08 03:11:31,PENDING
1775,2024-09-05 22:03:57,2024-09-05 22:22:57,APPROVED
1776,2024-04-13 08:31:07,2024-04-13 09:26:07,APPROVED
1777,2024-05-12 11:35:48,2024-05-12 11:42:48,FAILED
1778,2024-11-25 02:28:15,2024-11-25 02:44:15,APPROVED
1779,2024-01-29 05:04:20,2024-01-29 05:31:20,PENDING
1780,2024-02-02 15:48:07,2024-02-02 16:23:07,APPROVED
1781,2024-07-22 06:10:03,2024-07-22 06:44:03,FAILED
1782,2024-09-13 05:43:32,2024-09-13 05:50:32,APPROVED
1783,2024-09-25 10:42:04,2024-09-25 10:52:04,FAILED
1785,2024-07-18 11:01:24,2024-07-18 11:43:24,APPROVED
1786,2024-02-24 08:28:37,2024-02-24 09:10:37,APPROVED
1787,2024-07-28 11:08:32,2024-07-28 11:27:32,PENDING
1788,2024-09-30 15:25:33,2024-09-30 15:28:33,FAILED
1789,2024-10-06 16:29:45,2024-10-06 16:36:45,APPROVED
1790,2024-05-22 06:23:33,2024-05-22 06:30:33,APPROVED
1791,2024-06-06 03:23:02,2024-06-06 04:22:02,APPROVED
1792,2024-12-05 04:12:26,2024-12-05 04:15:26,APPROVED
1794,2024-12-16 06:19:37,2024-12-16 07:02:37,APPROVED
1795,2024-07-17 02:17:11,2024-07-17 02:28:11,APPROVED
1796,2024-02-16 10:16:22,2024-02-16 11:16:22,FAILED
1797,2024-08-13 01:01:12,2024-08-13 01:42:12,FAILED
1798,2024-01-18 11:29:38,2024-01-18 12:00:38,APPROVED
1799,2024-07-30 14:05:50,2024-07-30 14:22:50,APPROVED
1800,2024-03-23 10:47:05,2024-03-23 11:06:05,APPROVED
1801,2024-08-03 23:29:20,2024-08-03 23:40:20,FAILED
1802,2024-08-20 01:31:44,2024-08-20 01:56:44,APPROVED
1803,2024-11-18 16:55:37,2024-11-18 17:32:37,APPROVED
1804,2024-07-24 07:56:04,2024-07-24 08:24:04,APPROVED
1805,2024-10-21 05:14:38,2024-10-21 05:17:38,FAILED
1807,2024-06-12 18:18:17,2024-06-12 18:23:17,PENDING
1808,2024-05-13 06:55:58,2024-05-13 07:53:58,APPROVED
1809,2024-05-24 08:52:59,2024-05-24 09:10:59,PENDING
1811,2024-01-11 02:19:10,2024-01-11 02:45:10,APPROVED
1812,2024-11-16 09:40:37,2024-11-16 09:57:37,APPROVED
1813,2024-05-14 08:24:39,2024-05-14 08:44:39,APPROVED
1814,2024-08-08 00:11:34,2024-08-08 00:32:34,APPROVED
1816,2024-09-26 17:36:37,2024-09-26 18:32:37,APPROVED
1820,2024-05-24 08:45:40,2024-05-24 09:10:40,FAILED
1821,2024-03-15 02:50:51,2024-03-15 03:06:51,APPROVED
1822,2024-11-12 17:42:10,2024-11-12 17:56:10,PENDING
1823,2024-12-17 00:40:54,2024-12-17 01:06:54,APPROVED
1824,2024-08-28 07:04:59,2024-08-28 07:58:59,APPROVED
1825,2024-12-17 09:23:35,2024-12-17 09:31:35,APPROVED
1826,2024-11-01 11:43:44,2024-11-01 12:02:44,APPROVED
1828,2024-07-01 00:29:38,2024-07-01 01:15:38,APPROVED
1829,2024-01-03 11:49:07,2024-01-03 12:09:07,APPROVED
1831,2024-10-13 02:19:50,2024-10-13 02:58:50,APPROVED
1832,2024-03-27 20:34:27,2024-03-27 20:45:27,FAILED
1833,2024-03-08 05:13:50,2024-03-08 05:44:50,APPROVED
1834,2024-08-09 06:14:45,2024-08-09 06:31:45,APPROVED
1835,2024-01-23 05:14:20,2024-01-23 05:41:20,APPROVED
1839,2024-01-28 08:11:42,2024-01-28 08:37:42,APPROVED
1841,2024-12-27 19:45:28,2024-12-27 20:20:28,FAILED
1842,2024-01-21 16:24:30,2024-01-21 17:17:30,APPROVED
1843,2024-09-05 18:44:59,2024-09-05 18:54:59,FAILED
1844,2024-03-04 13:37:43,2024-03-04 14:00:43,APPROVED
1845,2024-04-02 08:14:38,2024-04-02 08:54:38,APPROVED
1847,2024-09-26 22:22:54,2024-09-26 23:03:54,FAILED
1848,2024-05-06 19:34:08,2024-05-06 19:40:08,FAILED
1849,2024-01-14 11:43:01,2024-01-14 11:51:01,APPROVED
1850,2024-07-20 14:50:03,2024-07-20 15:45:03,APPROVED
1851,2024-03-19 03:19:04,2024-03-19 04:07:04,APPROVED
1852,2024-08-20 23:45:39,2024-08-21 00:02:39,APPROVED
1853,2024-06-17 02:39:47,2024-06-17 02:43:47,APPROVED
1854,2024-06-15 22:15:20,2024-06-15 22:43:20,PENDING
1855,2024-11-25 12:26:07,2024-11-25 13:18:07,APPROVED
1856,2024-10-08 00:07:43,2024-10-08 00:56:43,APPROVED
1857,2024-05-10 07:35:52,2024-05-10 08:26:52,FAILED
1859,2024-05-26 01:24:45,2024-05-26 01:51:45,FAILED
1860,2024-06-01 19:42:16,2024-06-01 19:53:16,APPROVED
1861,2024-12-16 23:13:23,2024-12-17 00:04:23,APPROVED
1862,2024-07-07 20:02:54,2024-07-07 20:36:54,APPROVED
1863,2024-07-17 19:20:47,2024-07-17 19:53:47,APPROVED
1864,2024-08-04 04:46:05,2024-08-04 05:21:05,FAILED
1865,2024-04-05 16:34:19,2024-04-05 17:33:19,APPROVED
1866,2024-01-21 19:58:24,2024-01-21 20:19:24,APPROVED
1867,2024-11-27 08:36:45,2024-11-27 09:11:45,APPROVED
1868,2024-02-12 12:13:03,2024-02-12 13:01:03,APPROVED
1869,2024-09-01 12:53:13,2024-09-01 12:56:13,APPROVED
1871,2024-01-25 20:49:39,2024-01-25 21:27:39,APPROVED
1873,2024-08-25 22:13:51,2024-08-25 23:00:51,APPROVED
1874,2024-10-26 04:43:37,2024-10-26 05:36:37,APPROVED
1875,2024-12-04 18:37:10,2024-12-04 19:17:10,FAILED
1876,2024-01-24 05:39:57,2024-01-24 06:10:57,APPROVED
1877,2024-06-09 22:23:46,2024-06-09 23:02:46,APPROVED
1879,2024-04-04 03:54:52,2024-04-04 03:57:52,FAILED
1880,2024-12-10 06:23:16,2024-12-10 06:37:16,PENDING
1881,2024-01-03 16:13:44,2024-01-03 17:06:44,FAILED
1882,2024-12-01 18:32:17,2024-12-01 18:59:17,APPROVED
1884,2024-11-13 00:23:17,2024-11-13 00:55:17,APPROVED
1885,2024-06-03 05:40:26,2024-06-03 05:43:26,APPROVED
1886,2024-04-07 05:55:28,2024-04-07 06:11:28,APPROVED
1887,2024-01-14 09:11:04,2024-01-14 09:54:04,APPROVED
1889,2024-04-07 04:13:04,2024-04-07 05:08:04,FAILED
1893,2024-10-18 15:40:45,2024-10-18 15:43:45,APPROVED
1894,2024-02-23 00:49:09,2024-02-23 01:13:09,APPROVED
1895,2024-09-10 23:32:06,2024-09-11 00:09:06,APPROVED
1896,2024-05-28 03:38:51,2024-05-28 03:53:51,APPROVED
1897,2024-09-19 23:50:08,2024-09-20 00:35:08,FAILED
1898,2024-04-28 04:22:36,2024-04-28 04:45:36,PENDING
1899,2024-10-22 13:30:59,2024-10-22 13:49:59,APPROVED
1900,2024-11-27 16:33:15,2024-11-27 17:29:15,APPROVED
1902,2024-01-11 06:36:26,2024-01-11 06:38:26,APPROVED
1903,2024-08-28 14:57:08,2024-08-28 15:23:08,APPROVED
1905,2024-12-02 18:46:22,2024-12-02 19:00:22,FAILED
1907,2024-03-23 22:55:26,2024-03-23 23:36:26,APPROVED
1908,2024-12-07 20:09:53,2024-12-07 20:58:53,APPROVED
1909,2024-03-22 00:18:16,2024-03-22 00:53:16,APPROVED
1910,2024-09-09 12:57:20,2024-09-09 13:08:20,APPROVED
1911,2024-01-25 01:27:36,2024-01-25 02:26:36,APPROVED
1912,2024-12-12 06:17:28,2024-12-12 07:04:28,PENDING
1913,2024-02-02 14:59:47,2024-02-02 15:27:47,APPROVED
1914,2024-04-26 06:33:38,2024-04-26 06:40:38,APPROVED
1915,2024-05-12 13:58:26,2024-05-12 14:03:26,PENDING
1916,2024-05-16 08:13:15,2024-05-16 09:04:15,APPROVED
1917,2024-12-08 04:59:30,2024-12-08 05:05:30,PENDING
1918,2024-08-22 04:53:19,2024-08-22 05:15:19,APPROVED
1919,2024-02-22 21:37:44,2024-02-22 21:45:44,APPROVED
1920,2024-03-27 01:19:05,2024-03-27 02:18:05,PENDING
1921,2024-03-21 10:49:09,2024-03-21 11:15:09,APPROVED
1922,2024-09-12 05:22:54,2024-09-12 05:44:54,APPROVED
1924,2024-07-31 00:41:23,2024-07-31 01:40:23,APPROVED
1925,2024-05-26 20:17:14,2024-05-26 20:29:14,FAILED
1928,2024-08-07 15:32:06,2024-08-07 15:49:06,APPROVED
1929,2024-12-15 15:09:18,2024-12-15 15:45:18,APPROVED
1930,2024-01-06 20:28:09,2024-01-06 21:12:09,APPROVED
1931,2024-06-10 15:07:25,2024-06-10 15:49:25,APPROVED
1932,2024-07-20 04:04:01,2024-07-20 04:17:01,APPROVED
1934,2024-05-31 17:31:59,2024-05-31 18:26:59,APPROVED
1935,2024-06-04 13:46:16,2024-06-04 14:15:16,FAILED
1936,2024-09-28 01:03:26,2024-09-28 01:12:26,FAILED
1938,2024-11-13 01:47:23,2024-11-13 02:17:23,PENDING
1939,2024-11-28 16:48:39,2024-11-28 17:36:39,APPROVED
1941,2024-09-23 22:21:22,2024-09-23 22:54:22,APPROVED
1942,2024-09-18 22:50:23,2024-09-18 23:42:23,APPROVED
1943,2024-11-21 06:29:35,2024-11-21 07:13:35,FAILED
1944,2024-10-30 11:37:07,2024-10-30 11:49:07,APPROVED
1945,2024-09-15 05:03:15,2024-09-15 05:54:15,APPROVED
1947,2024-01-26 01:43:02,2024-01-26 01:54:02,APPROVED
1949,2024-10-24 22:29:33,2024-10-24 22:56:33,PENDING
1950,2024-10-31 09:46:49,2024-10-31 10:37:49,APPROVED
1951,2024-12-07 22:12:13,2024-12-07 23:04:13,APPROVED
1952,2024-09-23 09:20:57,2024-09-23 10:16:57,APPROVED
1953,2024-10-25 08:13:38,2024-10-25 08:57:38,FAILED
1954,2024-03-16 17:49:56,2024-03-16 18:07:56,APPROVED
1955,2024-02-01 16:59:10,2024-02-01 17:22:10,FAILED
1956,2024-08-16 04:53:33,2024-08-16 05:00:33,APPROVED
1957,2024-07-25 23:48:01,2024-07-26 00:38:01,PENDING
1958,2024-05-15 22:12:25,2024-05-15 22:29:25,FAILED
1959,2024-08-13 19:28:25,2024-08-13 20:19:25,PENDING
1960,2024-03-14 20:04:54,2024-03-14 20:30:54,FAILED
1962,2024-08-21 18:59:03,2024-08-21 19:32:03,APPROVED
1963,2024-10-13 15:25:49,2024-10-13 16:03:49,PENDING
1964,2024-02-26 07:02:02,2024-02-26 07:57:02,APPROVED
1965,2024-01-21 20:55:01,2024-01-21 20:59:01,FAILED
1966,2024-06-05 15:18:01,2024-06-05 16:01:01,APPROVED
1967,2024-01-15 07:02:06,2024-01-15 07:21:06,FAILED
1968,2024-01-25 12:56:38,2024-01-25 13:22:38,APPROVED
1969,2024-09-07 00:42:33,2024-09-07 01:27:33,APPROVED
1970,2024-02-04 03:52:36,2024-02-04 04:15:36,FAILED
1972,2024-08-31 23:03:11,2024-08-31 23:27:11,FAILED
1973,2024-11-21 18:24:55,2024-11-21 18:34:55,APPROVED
1974,2024-03-17 13:40:26,2024-03-17 14:35:26,FAILED
1975,2024-07-28 16:18:55,2024-07-28 16:56:55,PENDING
1976,2024-10-03 03:23:05,2024-10-03 04:08:05,PENDING
1977,2024-11-26 05:08:23,2024-11-26 05:21:23,PENDING
1979,2024-11-26 06:41:24,2024-11-26 06:57:24,APPROVED
1980,2024-04-08 23:48:34,2024-04-09 00:45:34,PENDING
1981,2024-10-18 20:27:47,2024-10-18 20:52:47,APPROVED
1982,2024-01-10 05:50:45,2024-01-10 06:46:45,APPROVED
1983,2024-01-10 12:04:39,2024-01-10 12:49:39,APPROVED
1984,2024-08-15 04:30:54,2024-08-15 05:11:54,APPROVED
1985,2024-07-24 22:13:27,2024-07-24 23:08:27,APPROVED
1986,2024-06-23 16:55:40,2024-06-23 17:30:40,FAILED
1987,2024-09-27 11:58:19,2024-09-27 12:05:19,FAILED
1988,2024-02-28 04:38:59,2024-02-28 05:09:59,APPROVED
1989,2024-03-14 08:30:02,2024-03-14 08:43:02,APPROVED
1990,2024-06-06 17:20:42,2024-06-06 18:16:42,PENDING
1991,2024-11-10 14:35:36,2024-11-10 14:57:36,APPROVED
1993,2024-07-30 14:38:15,2024-07-30 15:21:15,FAILED
1994,2024-01-27 08:21:29,2024-01-27 09:12:29,APPROVED
1995,2024-05-01 18:56:55,2024-05-01 19:42:55,APPROVED
1996,2024-02-28 11:43:16,2024-02-28 11:53:16,FAILED
1997,2024-10-10 17:06:16,2024-10-10 17:40:16,APPROVED
1998,2024-07-28 01:24:59,2024-07-28 01:34:59,PENDING
1999,2024-10-10 23:18:30,2024-10-10 23:46:30,APPROVED
2000,2024-10-12 01:31:20,2024-10-12 02:23:20,FAILED
